date,time,round,day,venue,result,GF,GA,opponent,xG,xGA,Poss,Attendance,Captain,Formation,Opp Formation,Referee,match_report,Notes
2025-08-17,17:15:00,Matchweek 1,Sun,Home,W,1,0,Paris FC,1.0,0.9,32,12168,Haris Belkebla,3-4-3,4-4-2,François Letexier,/en/matches/c69996e3/Angers-Paris-FC-August-17-2025-Ligue-1,
2025-08-22,20:45:00,Matchweek 2,Fri,Away,L,0,1,Paris Saint-Germain,0.2,1.8,17,47401,Haris Belkebla,3-5-2,4-3-3,Hakim Ben El Hadj Salem,/en/matches/d1b5836d/Paris-Saint-Germain-Angers-August-22-2025-Ligue-1,
2025-08-31,15:00:00,Matchweek 3,Sun,Home,D,1,1,Rennes,1.2,1.5,37,11512,Haris Belkebla,4-2-3-1,3-5-2,Marc Bollengier,/en/matches/e7cbffb3/Angers-Rennes-August-31-2025-Ligue-1,
2025-09-14,17:15:00,Matchweek 4,Sun,Away,D,1,1,Metz,2.4,1.7,45,21107,Haris Belkebla,4-2-3-1,4-2-3-1,Benoît Millot,/en/matches/80b1df7f/Metz-Angers-September-14-2025-Ligue-1,
2025-09-19,20:45:00,Matchweek 5,Fri,Away,L,0,1,Lyon,1.0,1.8,33,44437,Haris Belkebla,4-3-3,4-2-3-1,Clément Turpin,/en/matches/3d321db7/Lyon-Angers-September-19-2025-Ligue-1,
2025-09-28,17:15:00,Matchweek 6,Sun,Home,L,0,2,Brest,0.5,1.5,57,10210,Haris Belkebla,4-4-2,4-2-3-1,Willy Delajod,/en/matches/40e25494/Angers-Brest-September-28-2025-Ligue-1,
2025-10-05,17:15:00,Matchweek 7,Sun,Away,L,0,5,Strasbourg,0.3,4.6,35,22171,Haris Belkebla,4-3-3,3-4-3,Guillaume Paradis,/en/matches/e2b6bcc0/Strasbourg-Angers-October-5-2025-Ligue-1,
2025-10-18,19:00:00,Matchweek 8,Sat,Home,D,1,1,Monaco,1.8,1.9,42,13423,Haris Belkebla,4-2-3-1,3-4-3,Jeremy Stinat,/en/matches/aeed11a9/Angers-Monaco-October-18-2025-Ligue-1,
2025-10-26,17:15:00,Matchweek 9,Sun,Home,W,2,0,Lorient,1.1,1.9,38,11682,Haris Belkebla,4-2-3-1,3-4-3,Benoît Bastien,/en/matches/57e8593d/Angers-Lorient-October-26-2025-Ligue-1,
2025-10-29,21:05:00,Matchweek 10,Wed,Away,D,2,2,Marseille,1.0,1.3,41,64599,Haris Belkebla,4-2-3-1,4-2-3-1,Thomas Léonard,/en/matches/4e9cae04/Marseille-Angers-October-29-2025-Ligue-1,
2025-11-02,17:15:00,Matchweek 11,Sun,Away,L,0,1,Lille,0.4,2.0,47,38802,Haris Belkebla,4-2-3-1,4-2-3-1,Jérôme Brisard,/en/matches/990dd8fe/Lille-Angers-November-2-2025-Ligue-1,
2025-11-09,17:15:00,Matchweek 12,Sun,Home,W,2,0,Auxerre,0.6,0.7,50,11428,Haris Belkebla,4-2-3-1,4-3-3,Abdelatif Kherradji,/en/matches/9575a044/Angers-Auxerre-November-9-2025-Ligue-1,
2025-11-23,17:15:00,Matchweek 13,Sun,Away,W,1,0,Toulouse,0.4,1.9,46,19009,Haris Belkebla,4-2-3-1,3-4-3,Marc Bollengier,/en/matches/4399d22e/Toulouse-Angers-November-23-2025-Ligue-1,
2025-11-30,17:15:00,Matchweek 14,Sun,Home,L,1,2,Lens,1.3,1.9,45,12979,Haris Belkebla,4-2-3-1,3-4-3,Guillaume Paradis,/en/matches/25c388ce/Angers-Lens-November-30-2025-Ligue-1,
2025-12-07,15:00:00,Matchweek 15,Sun,Away,W,1,0,Nice,0.9,1.3,50,17630,Haris Belkebla,4-2-3-1,3-5-2,Jeremy Stinat,/en/matches/d8723514/Nice-Angers-December-7-2025-Ligue-1,
2025-12-12,20:45:00,Matchweek 16,Fri,Home,W,4,1,Nantes,2.2,0.4,54,14308,Haris Belkebla,4-2-3-1,4-4-2,Stéphanie Frappart,/en/matches/0a7d5ec7/Angers-Nantes-December-12-2025-Ligue-1,
2026-01-04,17:15:00,Matchweek 17,Sun,Away,L,1,2,Le Havre,0.5,1.0,50,16099,Haris Belkebla,4-2-3-1,4-1-2-1-2,Hakim Ben El Hadj Salem,/en/matches/de2b3a9f/Le-Havre-Angers-January-4-2026-Ligue-1,
2026-01-17,21:05:00,Matchweek 18,Sat,Home,,,,Marseille,,,,,,,,,,
2026-01-25,17:15:00,Matchweek 19,Sun,Away,,,,Paris FC,,,,,,,,,,
2026-02-01,17:15:00,Matchweek 20,Sun,Home,,,,Metz,,,,,,,,,,
2026-02-08,17:15:00,Matchweek 21,Sun,Home,,,,Toulouse,,,,,,,,,,
2026-02-15,,Matchweek 22,Sun,Away,,,,Lorient,,,,,,,,,,
2026-02-22,,Matchweek 23,Sun,Home,,,,Lille,,,,,,,,,,
2026-03-01,,Matchweek 24,Sun,Away,,,,Monaco,,,,,,,,,,
2026-03-08,,Matchweek 25,Sun,Away,,,,Nantes,,,,,,,,,,
2026-03-15,,Matchweek 26,Sun,Home,,,,Nice,,,,,,,,,,
2026-03-22,,Matchweek 27,Sun,Away,,,,Lens,,,,,,,,,,
2026-04-05,,Matchweek 28,Sun,Home,,,,Lyon,,,,,,,,,,
2026-04-12,,Matchweek 29,Sun,Away,,,,Rennes,,,,,,,,,,
2026-04-19,,Matchweek 30,Sun,Home,,,,Le Havre,,,,,,,,,,
2026-04-26,,Matchweek 31,Sun,Home,,,,Paris Saint-Germain,,,,,,,,,,
2026-05-03,,Matchweek 32,Sun,Away,,,,Auxerre,,,,,,,,,,
2026-05-09,21:00:00,Matchweek 33,Sat,Home,,,,Strasbourg,,,,,,,,,,
2026-05-16,21:00:00,Matchweek 34,Sat,Away,,,,Brest,,,,,,,,,,
2025-08-17,17:15:00,Matchweek 1,Sun,Home,W,1,0,Lorient,1.3,1.3,43,16090,Elisha Owusu,5-4-1,3-4-3,Abdelatif Kherradji,/en/matches/460d3465/Auxerre-Lorient-August-17-2025-Ligue-1,
2025-08-23,19:00:00,Matchweek 2,Sat,Away,L,1,3,Nice,1.5,1.9,45,22175,Elisha Owusu,3-4-3,3-4-3,Jeremy Stinat,/en/matches/1a63326e/Nice-Auxerre-August-23-2025-Ligue-1,
2025-08-30,19:00:00,Matchweek 3,Sat,Away,L,0,1,Nantes,0.7,0.5,58,28784,Elisha Owusu,4-4-1-1,4-3-3,Stéphanie Frappart,/en/matches/9db213a2/Nantes-Auxerre-August-30-2025-Ligue-1,
2025-09-13,21:05:00,Matchweek 4,Sat,Home,L,1,2,Monaco,0.9,1.4,32,16703,Elisha Owusu,5-4-1,4-4-2,Romain Lissorgue,/en/matches/f3a8d388/Auxerre-Monaco-September-13-2025-Ligue-1,
2025-09-21,17:15:00,Matchweek 5,Sun,Home,W,1,0,Toulouse,0.7,2.2,41,15262,Elisha Owusu,5-4-1,3-4-3,Marc Bollengier,/en/matches/a2ea8dfd/Auxerre-Toulouse-September-21-2025-Ligue-1,
2025-09-27,21:05:00,Matchweek 6,Sat,Away,L,0,2,Paris Saint-Germain,0.7,1.7,34,47792,Elisha Owusu,5-4-1,4-3-3,Thomas Léonard,/en/matches/1012a2a6/Paris-Saint-Germain-Auxerre-September-27-2025-Ligue-1,
2025-10-04,21:05:00,Matchweek 7,Sat,Home,L,1,2,Lens,1.7,0.4,57,17243,Elisha Owusu,5-4-1,3-4-3,François Letexier,/en/matches/7a29fd59/Auxerre-Lens-October-4-2025-Ligue-1,
2025-10-19,17:15:00,Matchweek 8,Sun,Away,D,2,2,Rennes,1.5,2.0,48,27148,Donovan Léon,5-4-1,3-5-2,Eric Wattellier,/en/matches/4bebc386/Rennes-Auxerre-October-19-2025-Ligue-1,
2025-10-26,17:15:00,Matchweek 9,Sun,Home,L,0,1,Le Havre,0.6,1.2,52,16729,Elisha Owusu,3-4-3,4-1-3-2,Hakim Ben El Hadj Salem,/en/matches/b5814fa4/Auxerre-Le-Havre-October-26-2025-Ligue-1,
2025-10-29,21:05:00,Matchweek 10,Wed,Away,L,0,3,Strasbourg,0.4,3.9,36,22667,Elisha Owusu,3-4-3,3-4-3,Ruddy Buquet,/en/matches/92626eca/Strasbourg-Auxerre-October-29-2025-Ligue-1,
2025-11-01,21:05:00,Matchweek 11,Sat,Home,L,0,1,Marseille,1.2,0.5,49,16529,Elisha Owusu,5-4-1,3-5-2,Benoît Bastien,/en/matches/e98babb3/Auxerre-Marseille-November-1-2025-Ligue-1,
2025-11-09,17:15:00,Matchweek 12,Sun,Away,L,0,2,Angers,0.7,0.6,51,11428,Elisha Owusu,4-3-3,4-2-3-1,Abdelatif Kherradji,/en/matches/9575a044/Angers-Auxerre-November-9-2025-Ligue-1,
2025-11-23,15:00:00,Matchweek 13,Sun,Home,D,0,0,Lyon,2.0,1.6,31,17359,Donovan Léon,4-3-3,4-2-3-1,Thomas Léonard,/en/matches/f9cdf8a6/Auxerre-Lyon-November-23-2025-Ligue-1,
2025-11-29,19:00:00,Matchweek 14,Sat,Away,D,1,1,Paris FC,1.1,1.8,46,15007,Donovan Léon,4-3-3,4-4-1-1,François Letexier,/en/matches/f3bd6b47/Paris-FC-Auxerre-November-29-2025-Ligue-1,
2025-12-07,17:15:00,Matchweek 15,Sun,Home,W,3,1,Metz,1.9,0.6,39,15588,Donovan Léon,4-3-3,4-2-3-1,Eric Wattellier,/en/matches/11ad7df8/Auxerre-Metz-December-7-2025-Ligue-1,
2025-12-14,17:15:00,Matchweek 16,Sun,Home,L,3,4,Lille,2.7,0.5,45,16124,Donovan Léon,4-3-3,4-2-3-1,Jérémie Pignard,/en/matches/a32384b2/Auxerre-Lille-December-14-2025-Ligue-1,
2026-01-04,17:15:00,Matchweek 17,Sun,Away,L,0,2,Brest,0.7,1.9,50,13772,Elisha Owusu,4-3-3,4-4-2,Jeremy Stinat,/en/matches/17eddeb2/Brest-Auxerre-January-4-2026-Ligue-1,
2026-01-17,17:00:00,Matchweek 18,Sat,Away,,,,Lens,,,,,,,,,,
2026-01-23,20:00:00,Matchweek 19,Fri,Home,,,,Paris Saint-Germain,,,,,,,,,,
2026-02-01,17:15:00,Matchweek 20,Sun,Away,,,,Toulouse,,,,,,,,,,
2026-02-08,17:15:00,Matchweek 21,Sun,Home,,,,Paris FC,,,,,,,,,,
2026-02-15,,Matchweek 22,Sun,Away,,,,Metz,,,,,,,,,,
2026-02-22,,Matchweek 23,Sun,Home,,,,Rennes,,,,,,,,,,
2026-03-01,,Matchweek 24,Sun,Away,,,,Lorient,,,,,,,,,,
2026-03-08,,Matchweek 25,Sun,Home,,,,Strasbourg,,,,,,,,,,
2026-03-15,,Matchweek 26,Sun,Away,,,,Marseille,,,,,,,,,,
2026-03-22,,Matchweek 27,Sun,Home,,,,Brest,,,,,,,,,,
2026-04-05,,Matchweek 28,Sun,Away,,,,Le Havre,,,,,,,,,,
2026-04-12,,Matchweek 29,Sun,Home,,,,Nantes,,,,,,,,,,
2026-04-19,,Matchweek 30,Sun,Away,,,,Monaco,,,,,,,,,,
2026-04-26,,Matchweek 31,Sun,Away,,,,Lyon,,,,,,,,,,
2026-05-03,,Matchweek 32,Sun,Home,,,,Angers,,,,,,,,,,
2026-05-09,21:00:00,Matchweek 33,Sat,Home,,,,Nice,,,,,,,,,,
2026-05-16,21:00:00,Matchweek 34,Sat,Away,,,,Lille,,,,,,,,,,
2025-08-17,15:00:00,Matchweek 1,Sun,Home,D,3,3,Lille,1.9,1.6,46,14840,Brendan Chardonnet,4-3-3,4-2-3-1,Clément Turpin,/en/matches/d26fb352/Brest-Lille-August-17-2025-Ligue-1,
2025-08-24,17:15:00,Matchweek 2,Sun,Away,L,0,2,Toulouse,0.9,1.3,52,23158,Brendan Chardonnet,4-3-3,3-4-3,Benoît Millot,/en/matches/d9a23dcd/Toulouse-Brest-August-24-2025-Ligue-1,
2025-08-29,20:45:00,Matchweek 3,Fri,Away,L,1,3,Lens,1.1,3.8,33,37232,Hugo Magnetti,4-3-3,3-4-3,Abdelatif Kherradji,/en/matches/ccf514b7/Lens-Brest-August-29-2025-Ligue-1,
2025-09-14,17:15:00,Matchweek 4,Sun,Home,L,1,2,Paris FC,2.5,1.6,47,14594,Brendan Chardonnet,4-3-3,4-1-4-1,Bastien Dechepy,/en/matches/52e5e5bd/Brest-Paris-FC-September-14-2025-Ligue-1,
2025-09-20,19:00:00,Matchweek 5,Sat,Home,W,4,1,Nice,2.0,2.3,38,14158,Brendan Chardonnet,4-2-3-1,3-4-3,Benoît Bastien,/en/matches/cd6a399a/Brest-Nice-September-20-2025-Ligue-1,
2025-09-28,17:15:00,Matchweek 6,Sun,Away,W,2,0,Angers,1.5,0.5,43,10210,Brendan Chardonnet,4-2-3-1,4-4-2,Willy Delajod,/en/matches/40e25494/Angers-Brest-September-28-2025-Ligue-1,
2025-10-04,19:00:00,Matchweek 7,Sat,Home,D,0,0,Nantes,1.5,0.2,51,14941,Brendan Chardonnet,4-2-3-1,4-1-4-1,Gaël Angoula,/en/matches/329f92b2/Brest-Nantes-October-4-2025-Ligue-1,
2025-10-19,17:15:00,Matchweek 8,Sun,Away,D,3,3,Lorient,1.6,1.2,50,16607,Brendan Chardonnet,4-2-3-1,3-4-3,Marc Bollengier,/en/matches/d9620be4/Lorient-Brest-October-19-2025-Ligue-1,
2025-10-25,17:00:00,Matchweek 9,Sat,Home,L,0,3,Paris Saint-Germain,1.6,2.0,25,14978,Hugo Magnetti,4-2-3-1,4-3-3,Jérémie Pignard,/en/matches/c95d53be/Brest-Paris-Saint-Germain-October-25-2025-Ligue-1,
2025-10-29,19:00:00,Matchweek 10,Wed,Away,L,0,1,Le Havre,0.6,1.0,54,18484,Brendan Chardonnet,4-3-3,3-1-4-2,Benoît Millot,/en/matches/ee77c6a4/Le-Havre-Brest-October-29-2025-Ligue-1,
2025-11-02,20:45:00,Matchweek 11,Sun,Home,D,0,0,Lyon,1.5,0.2,50,14534,Brendan Chardonnet,4-2-3-1,4-2-3-1,Clément Turpin,/en/matches/167e4077/Brest-Lyon-November-2-2025-Ligue-1,
2025-11-08,17:00:00,Matchweek 12,Sat,Away,L,0,3,Marseille,0.9,3.5,37,66279,Brendan Chardonnet,4-2-3-1,4-2-3-1,Willy Delajod,/en/matches/a42f9bcd/Marseille-Brest-November-8-2025-Ligue-1,
2025-11-23,17:15:00,Matchweek 13,Sun,Home,W,3,2,Metz,3.1,1.0,56,13938,Brendan Chardonnet,4-2-3-1,4-2-3-1,Gaël Angoula,/en/matches/10782105/Brest-Metz-November-23-2025-Ligue-1,
2025-11-30,15:00:00,Matchweek 14,Sun,Away,W,2,1,Strasbourg,1.1,0.8,43,30017,Brendan Chardonnet,4-2-3-1,3-4-3,Bastien Dechepy,/en/matches/2c3a08e9/Strasbourg-Brest-November-30-2025-Ligue-1,
2025-12-05,19:00:00,Matchweek 15,Fri,Home,W,1,0,Monaco,1.5,0.6,41,14522,Brendan Chardonnet,4-2-3-1,4-2-3-1,Thomas Léonard,/en/matches/409f5358/Brest-Monaco-December-5-2025-Ligue-1,
2025-12-13,17:00:00,Matchweek 16,Sat,Away,L,1,3,Rennes,0.8,2.2,40,27959,Brendan Chardonnet,4-2-3-1,3-5-2,Benoît Millot,/en/matches/3b0a6a02/Rennes-Brest-December-13-2025-Ligue-1,
2026-01-04,17:15:00,Matchweek 17,Sun,Home,W,2,0,Auxerre,1.9,0.7,50,13772,Brendan Chardonnet,4-4-2,4-3-3,Jeremy Stinat,/en/matches/17eddeb2/Brest-Auxerre-January-4-2026-Ligue-1,
2026-01-18,20:45:00,Matchweek 18,Sun,Away,,,,Lyon,,,,,,,,,,
2026-01-25,17:15:00,Matchweek 19,Sun,Home,,,,Toulouse,,,,,,,,,,
2026-02-01,17:15:00,Matchweek 20,Sun,Away,,,,Nice,,,,,,,,,,
2026-02-07,19:00:00,Matchweek 21,Sat,Home,,,,Lorient,,,,,,,,,,
2026-02-15,,Matchweek 22,Sun,Away,,,,Lille,,,,,,,,,,
2026-02-22,,Matchweek 23,Sun,Home,,,,Marseille,,,,,,,,,,
2026-03-01,,Matchweek 24,Sun,Away,,,,Metz,,,,,,,,,,
2026-03-08,,Matchweek 25,Sun,Home,,,,Le Havre,,,,,,,,,,
2026-03-15,,Matchweek 26,Sun,Away,,,,Monaco,,,,,,,,,,
2026-03-22,,Matchweek 27,Sun,Away,,,,Auxerre,,,,,,,,,,
2026-04-05,,Matchweek 28,Sun,Home,,,,Rennes,,,,,,,,,,
2026-04-12,,Matchweek 29,Sun,Home,,,,Strasbourg,,,,,,,,,,
2026-04-19,,Matchweek 30,Sun,Away,,,,Nantes,,,,,,,,,,
2026-04-26,,Matchweek 31,Sun,Home,,,,Lens,,,,,,,,,,
2026-05-03,,Matchweek 32,Sun,Away,,,,Paris FC,,,,,,,,,,
2026-05-09,21:00:00,Matchweek 33,Sat,Away,,,,Paris Saint-Germain,,,,,,,,,,
2026-05-16,21:00:00,Matchweek 34,Sat,Home,,,,Angers,,,,,,,,,,
2025-08-16,19:00:00,Matchweek 1,Sat,Away,L,1,3,Monaco,0.6,1.8,26,11734,Arouna Sangante,4-1-4-1,4-2-3-1,Ruddy Buquet,/en/matches/772d8629/Monaco-Le-Havre-August-16-2025-Ligue-1,
2025-08-24,17:15:00,Matchweek 2,Sun,Home,L,1,2,Lens,1.7,1.1,58,19375,Arouna Sangante,4-1-4-1,3-4-3,Guillaume Paradis,/en/matches/ecb4ebba/Le-Havre-Lens-August-24-2025-Ligue-1,
2025-08-31,17:15:00,Matchweek 3,Sun,Home,W,3,1,Nice,2.6,0.6,42,16513,Arouna Sangante,4-1-4-1,3-4-3,Jérôme Brisard,/en/matches/d7190d58/Le-Havre-Nice-August-31-2025-Ligue-1,
2025-09-14,17:15:00,Matchweek 4,Sun,Away,L,0,1,Strasbourg,0.6,1.4,51,26000,Arouna Sangante,4-1-4-1,3-1-4-2,Willy Delajod,/en/matches/78ee6527/Strasbourg-Le-Havre-September-14-2025-Ligue-1,
2025-09-21,17:15:00,Matchweek 5,Sun,Home,D,1,1,Lorient,2.3,1.2,60,17483,Arouna Sangante,4-2-3-1,3-4-3,Abdelatif Kherradji,/en/matches/d6f698f7/Le-Havre-Lorient-September-21-2025-Ligue-1,
2025-09-28,17:15:00,Matchweek 6,Sun,Away,D,0,0,Metz,0.3,0.5,48,19976,Abdoulaye Touré,4-3-3,3-4-3,Guillaume Paradis,/en/matches/9c7203aa/Metz-Le-Havre-September-28-2025-Ligue-1,
2025-10-05,17:15:00,Matchweek 7,Sun,Home,D,2,2,Rennes,1.7,1.0,43,17802,Arouna Sangante,4-3-3,3-5-2,Jérémie Pignard,/en/matches/7bb1158d/Le-Havre-Rennes-October-5-2025-Ligue-1,
2025-10-18,21:05:00,Matchweek 8,Sat,Away,L,2,6,Marseille,0.5,4.2,27,64869,Arouna Sangante,4-4-2,4-2-3-1,Bastien Dechepy,/en/matches/0d90c694/Marseille-Le-Havre-October-18-2025-Ligue-1,
2025-10-26,17:15:00,Matchweek 9,Sun,Away,W,1,0,Auxerre,1.2,0.6,48,16729,Arouna Sangante,4-1-3-2,3-4-3,Hakim Ben El Hadj Salem,/en/matches/b5814fa4/Auxerre-Le-Havre-October-26-2025-Ligue-1,
2025-10-29,19:00:00,Matchweek 10,Wed,Home,W,1,0,Brest,1.0,0.6,46,18484,Arouna Sangante,3-1-4-2,4-3-3,Benoît Millot,/en/matches/ee77c6a4/Le-Havre-Brest-October-29-2025-Ligue-1,
2025-11-02,17:15:00,Matchweek 11,Sun,Away,D,0,0,Toulouse,1.5,1.1,54,20643,Arouna Sangante,4-1-3-2,3-4-3,Jeremy Stinat,/en/matches/75cf1ad9/Toulouse-Le-Havre-November-2-2025-Ligue-1,
2025-11-08,19:00:00,Matchweek 12,Sat,Home,D,1,1,Nantes,0.9,0.2,64,19747,Arouna Sangante,4-1-3-2,4-3-3,Romain Lissorgue,/en/matches/dd1c75e9/Le-Havre-Nantes-November-8-2025-Ligue-1,
2025-11-22,21:05:00,Matchweek 13,Sat,Away,L,0,3,Paris Saint-Germain,1.3,3.4,35,47694,Arouna Sangante,4-1-3-2,4-3-3,Mathieu Vernice,/en/matches/a64360fe/Paris-Saint-Germain-Le-Havre-November-22-2025-Ligue-1,
2025-11-30,17:15:00,Matchweek 14,Sun,Home,L,0,1,Lille,1.2,1.5,43,20689,Arouna Sangante,4-1-4-1,4-2-3-1,Willy Delajod,/en/matches/6341b5bb/Le-Havre-Lille-November-30-2025-Ligue-1,
2025-12-07,17:15:00,Matchweek 15,Sun,Home,D,0,0,Paris FC,1.8,1.2,45,17460,Arouna Sangante,4-3-3,4-5-1,Ruddy Buquet,/en/matches/80b3a9d2/Le-Havre-Paris-FC-December-7-2025-Ligue-1,
2025-12-14,15:00:00,Matchweek 16,Sun,Away,L,0,1,Lyon,1.4,2.5,43,42168,Arouna Sangante,4-3-3,4-3-3,Marc Bollengier,/en/matches/fedc0902/Lyon-Le-Havre-December-14-2025-Ligue-1,
2026-01-04,17:15:00,Matchweek 17,Sun,Home,W,2,1,Angers,1.0,0.5,50,16099,Issa Soumaré,4-1-2-1-2◆,4-2-3-1,Hakim Ben El Hadj Salem,/en/matches/de2b3a9f/Le-Havre-Angers-January-4-2026-Ligue-1,
2026-01-18,17:15:00,Matchweek 18,Sun,Away,,,,Rennes,,,,,,,,,,
2026-01-24,19:00:00,Matchweek 19,Sat,Home,,,,Monaco,,,,,,,,,,
2026-01-30,20:45:00,Matchweek 20,Fri,Away,,,,Lens,,,,,,,,,,
2026-02-08,17:15:00,Matchweek 21,Sun,Home,,,,Strasbourg,,,,,,,,,,
2026-02-15,,Matchweek 22,Sun,Home,,,,Toulouse,,,,,,,,,,
2026-02-22,,Matchweek 23,Sun,Away,,,,Nantes,,,,,,,,,,
2026-03-01,,Matchweek 24,Sun,Home,,,,Paris Saint-Germain,,,,,,,,,,
2026-03-08,,Matchweek 25,Sun,Away,,,,Brest,,,,,,,,,,
2026-03-15,,Matchweek 26,Sun,Home,,,,Lyon,,,,,,,,,,
2026-03-22,,Matchweek 27,Sun,Away,,,,Paris FC,,,,,,,,,,
2026-04-05,,Matchweek 28,Sun,Home,,,,Auxerre,,,,,,,,,,
2026-04-12,,Matchweek 29,Sun,Away,,,,Nice,,,,,,,,,,
2026-04-19,,Matchweek 30,Sun,Away,,,,Angers,,,,,,,,,,
2026-04-26,,Matchweek 31,Sun,Home,,,,Metz,,,,,,,,,,
2026-05-03,,Matchweek 32,Sun,Away,,,,Lille,,,,,,,,,,
2026-05-09,21:00:00,Matchweek 33,Sat,Home,,,,Marseille,,,,,,,,,,
2026-05-16,21:00:00,Matchweek 34,Sat,Away,,,,Lorient,,,,,,,,,,
2025-08-16,17:00:00,Matchweek 1,Sat,Home,L,0,1,Lyon,1.4,1.4,56,38137,Adrien Thomasson,3-4-3,4-2-3-1,Romain Lissorgue,/en/matches/5959d3ad/Lens-Lyon-August-16-2025-Ligue-1,
2025-08-24,17:15:00,Matchweek 2,Sun,Away,W,2,1,Le Havre,1.1,1.7,42,19375,Adrien Thomasson,3-4-3,4-1-4-1,Guillaume Paradis,/en/matches/ecb4ebba/Le-Havre-Lens-August-24-2025-Ligue-1,
2025-08-29,20:45:00,Matchweek 3,Fri,Home,W,3,1,Brest,3.8,1.1,67,37232,Adrien Thomasson,3-4-3,4-3-3,Abdelatif Kherradji,/en/matches/ccf514b7/Lens-Brest-August-29-2025-Ligue-1,
2025-09-14,17:15:00,Matchweek 4,Sun,Away,L,0,2,Paris Saint-Germain,1.5,1.1,32,47642,Adrien Thomasson,3-4-3,4-3-3,Jérémie Pignard,/en/matches/e8f63a9b/Paris-Saint-Germain-Lens-September-14-2025-Ligue-1,
2025-09-20,21:05:00,Matchweek 5,Sat,Home,W,3,0,Lille,3.6,1.8,39,38223,Adrien Thomasson,3-4-3,4-2-3-1,Eric Wattellier,/en/matches/f940c93e/Lens-Lille-September-20-2025-Ligue-1,
2025-09-28,20:45:00,Matchweek 6,Sun,Away,D,0,0,Rennes,1.0,1.2,34,26414,Adrien Thomasson,3-4-3,3-5-2,Bastien Dechepy,/en/matches/2516801b/Rennes-Lens-September-28-2025-Ligue-1,
2025-10-04,21:05:00,Matchweek 7,Sat,Away,W,2,1,Auxerre,0.4,1.7,43,17243,Adrien Thomasson,3-4-3,5-4-1,François Letexier,/en/matches/7a29fd59/Auxerre-Lens-October-4-2025-Ligue-1,
2025-10-19,15:00:00,Matchweek 8,Sun,Home,W,2,1,Paris FC,1.6,0.5,43,33773,Adrien Thomasson,3-4-3,4-3-3,Gaël Angoula,/en/matches/3c82b9ba/Lens-Paris-FC-October-19-2025-Ligue-1,
2025-10-25,21:05:00,Matchweek 9,Sat,Home,W,2,1,Marseille,1.8,0.7,32,38223,Adrien Thomasson,3-4-3,3-4-3,Stéphanie Frappart,/en/matches/401a34e7/Lens-Marseille-October-25-2025-Ligue-1,
2025-10-29,19:00:00,Matchweek 10,Wed,Away,L,0,2,Metz,1.3,3.3,54,20618,Adrien Thomasson,3-4-3,4-1-4-1,Abdelatif Kherradji,/en/matches/e7ee16a0/Metz-Lens-October-29-2025-Ligue-1,
2025-11-02,17:15:00,Matchweek 11,Sun,Home,W,3,0,Lorient,2.1,1.8,58,37373,Adrien Thomasson,3-4-3,3-4-3,Jérémie Pignard,/en/matches/537900ec/Lens-Lorient-November-2-2025-Ligue-1,
2025-11-08,21:05:00,Matchweek 12,Sat,Away,W,4,1,Monaco,3.1,2.6,50,9456,Adrien Thomasson,3-4-3,3-1-4-2,Bastien Dechepy,/en/matches/8351b4ea/Monaco-Lens-November-8-2025-Ligue-1,
2025-11-22,17:00:00,Matchweek 13,Sat,Home,W,1,0,Strasbourg,1.9,0.6,55,38211,Adrien Thomasson,3-4-3,3-4-3,Jérôme Brisard,/en/matches/4d943a9e/Lens-Strasbourg-November-22-2025-Ligue-1,
2025-11-30,17:15:00,Matchweek 14,Sun,Away,W,2,1,Angers,1.9,1.3,55,12979,Adrien Thomasson,3-4-3,4-2-3-1,Guillaume Paradis,/en/matches/25c388ce/Angers-Lens-November-30-2025-Ligue-1,
2025-12-06,17:00:00,Matchweek 15,Sat,Away,W,2,1,Nantes,2.3,1.2,66,26654,Wesley Saïd,3-4-3,4-3-3,Benoît Bastien,/en/matches/1dd5dec9/Nantes-Lens-December-6-2025-Ligue-1,
2025-12-14,17:15:00,Matchweek 16,Sun,Home,W,2,0,Nice,1.6,0.8,46,37278,Adrien Thomasson,3-4-3,4-3-3,Willy Delajod,/en/matches/d087be9d/Lens-Nice-December-14-2025-Ligue-1,
2026-01-02,20:45:00,Matchweek 17,Fri,Away,W,3,0,Toulouse,1.6,0.7,67,30266,Adrien Thomasson,3-4-3,3-4-3,Mathieu Vernice,/en/matches/26747200/Toulouse-Lens-January-2-2026-Ligue-1,
2026-01-17,17:00:00,Matchweek 18,Sat,Home,,,,Auxerre,,,,,,,,,,
2026-01-24,21:05:00,Matchweek 19,Sat,Away,,,,Marseille,,,,,,,,,,
2026-01-30,20:45:00,Matchweek 20,Fri,Home,,,,Le Havre,,,,,,,,,,
2026-02-07,17:00:00,Matchweek 21,Sat,Home,,,,Rennes,,,,,,,,,,
2026-02-15,,Matchweek 22,Sun,Away,,,,Paris FC,,,,,,,,,,
2026-02-22,,Matchweek 23,Sun,Home,,,,Monaco,,,,,,,,,,
2026-03-01,,Matchweek 24,Sun,Away,,,,Strasbourg,,,,,,,,,,
2026-03-08,,Matchweek 25,Sun,Home,,,,Metz,,,,,,,,,,
2026-03-15,,Matchweek 26,Sun,Away,,,,Lorient,,,,,,,,,,
2026-03-22,,Matchweek 27,Sun,Home,,,,Angers,,,,,,,,,,
2026-04-05,,Matchweek 28,Sun,Away,,,,Lille,,,,,,,,,,
2026-04-12,,Matchweek 29,Sun,Home,,,,Paris Saint-Germain,,,,,,,,,,
2026-04-19,,Matchweek 30,Sun,Home,,,,Toulouse,,,,,,,,,,
2026-04-26,,Matchweek 31,Sun,Away,,,,Brest,,,,,,,,,,
2026-05-03,,Matchweek 32,Sun,Away,,,,Nice,,,,,,,,,,
2026-05-09,21:00:00,Matchweek 33,Sat,Home,,,,Nantes,,,,,,,,,,
2026-05-16,21:00:00,Matchweek 34,Sat,Away,,,,Lyon,,,,,,,,,,
2025-08-17,15:00:00,Matchweek 1,Sun,Away,D,3,3,Brest,1.6,1.9,54,14840,Benjamin André,4-2-3-1,4-3-3,Clément Turpin,/en/matches/d26fb352/Brest-Lille-August-17-2025-Ligue-1,
2025-08-24,20:45:00,Matchweek 2,Sun,Home,W,1,0,Monaco,2.9,1.2,50,43549,Benjamin André,4-2-3-1,4-3-3,Willy Delajod,/en/matches/1c61c286/Lille-Monaco-August-24-2025-Ligue-1,
2025-08-30,17:00:00,Matchweek 3,Sat,Away,W,7,1,Lorient,3.5,1.1,59,15512,Benjamin André,4-2-3-1,3-4-3,Romain Lissorgue,/en/matches/fecb23de/Lorient-Lille-August-30-2025-Ligue-1,
2025-09-14,15:00:00,Matchweek 4,Sun,Home,W,2,1,Toulouse,2.1,0.8,69,42576,Benjamin André,4-2-3-1,3-4-3,Jeremy Stinat,/en/matches/6c0057cb/Lille-Toulouse-September-14-2025-Ligue-1,
2025-09-20,21:05:00,Matchweek 5,Sat,Away,L,0,3,Lens,1.8,3.6,61,38223,Olivier Giroud,4-2-3-1,3-4-3,Eric Wattellier,/en/matches/f940c93e/Lens-Lille-September-20-2025-Ligue-1,
2025-09-28,17:15:00,Matchweek 6,Sun,Home,L,0,1,Lyon,1.5,0.5,54,45287,Olivier Giroud,4-2-3-1,4-3-3,Mathieu Vernice,/en/matches/ee984aec/Lille-Lyon-September-28-2025-Ligue-1,
2025-10-05,20:45:00,Matchweek 7,Sun,Home,D,1,1,Paris Saint-Germain,0.5,1.5,38,47355,Benjamin André,4-3-3,4-3-3,Benoît Bastien,/en/matches/d476968b/Lille-Paris-Saint-Germain-October-5-2025-Ligue-1,
2025-10-19,20:45:00,Matchweek 8,Sun,Away,W,2,0,Nantes,2.5,0.6,63,29845,Benjamin André,4-2-3-1,4-3-3,Thomas Léonard,/en/matches/98c265c0/Nantes-Lille-October-19-2025-Ligue-1,
2025-10-26,15:00:00,Matchweek 9,Sun,Home,W,6,1,Metz,2.9,1.3,62,42089,Benjamin André,4-2-3-1,4-3-3,Benoît Millot,/en/matches/513ba656/Lille-Metz-October-26-2025-Ligue-1,
2025-10-29,19:00:00,Matchweek 10,Wed,Away,L,0,2,Nice,1.0,1.7,68,22441,Benjamin André,4-2-3-1,3-4-1-2,Bastien Dechepy,/en/matches/79a943de/Nice-Lille-October-29-2025-Ligue-1,
2025-11-02,17:15:00,Matchweek 11,Sun,Home,W,1,0,Angers,2.0,0.4,53,38802,Benjamin André,4-2-3-1,4-2-3-1,Jérôme Brisard,/en/matches/990dd8fe/Lille-Angers-November-2-2025-Ligue-1,
2025-11-09,17:15:00,Matchweek 12,Sun,Away,L,0,2,Strasbourg,0.3,0.9,58,29000,Benjamin André,4-2-3-1,3-4-1-2,François Letexier,/en/matches/9ec5732e/Strasbourg-Lille-November-9-2025-Ligue-1,
2025-11-23,20:45:00,Matchweek 13,Sun,Home,W,4,2,Paris FC,3.9,1.5,52,39053,Olivier Giroud,4-4-2,4-3-3,Benoît Millot,/en/matches/bda1b915/Lille-Paris-FC-November-23-2025-Ligue-1,
2025-11-30,17:15:00,Matchweek 14,Sun,Away,W,1,0,Le Havre,1.5,1.2,57,20689,Benjamin André,4-2-3-1,4-1-4-1,Willy Delajod,/en/matches/6341b5bb/Le-Havre-Lille-November-30-2025-Ligue-1,
2025-12-05,21:00:00,Matchweek 15,Fri,Home,W,1,0,Marseille,0.3,0.5,42,48258,Benjamin André,4-2-3-1,3-4-3,Jérôme Brisard,/en/matches/684afd5f/Lille-Marseille-December-5-2025-Ligue-1,
2025-12-14,17:15:00,Matchweek 16,Sun,Away,W,4,3,Auxerre,0.5,2.7,55,16124,Benjamin André,4-2-3-1,4-3-3,Jérémie Pignard,/en/matches/a32384b2/Auxerre-Lille-December-14-2025-Ligue-1,
2026-01-03,21:05:00,Matchweek 17,Sat,Home,L,0,2,Rennes,0.8,1.5,39,41527,Benjamin André,4-2-3-1,3-5-2,Eric Wattellier,/en/matches/7141aa3c/Lille-Rennes-January-3-2026-Ligue-1,
2026-01-16,21:00:00,Matchweek 18,Fri,Away,,,,Paris Saint-Germain,,,,,,,,,,
2026-01-25,20:45:00,Matchweek 19,Sun,Home,,,,Strasbourg,,,,,,,,,,
2026-02-01,15:00:00,Matchweek 20,Sun,Away,,,,Lyon,,,,,,,,,,
2026-02-06,20:45:00,Matchweek 21,Fri,Away,,,,Metz,,,,,,,,,,
2026-02-15,,Matchweek 22,Sun,Home,,,,Brest,,,,,,,,,,
2026-02-22,,Matchweek 23,Sun,Away,,,,Angers,,,,,,,,,,
2026-03-01,,Matchweek 24,Sun,Home,,,,Nantes,,,,,,,,,,
2026-03-08,,Matchweek 25,Sun,Home,,,,Lorient,,,,,,,,,,
2026-03-15,,Matchweek 26,Sun,Away,,,,Rennes,,,,,,,,,,
2026-03-22,,Matchweek 27,Sun,Away,,,,Marseille,,,,,,,,,,
2026-04-05,,Matchweek 28,Sun,Home,,,,Lens,,,,,,,,,,
2026-04-12,,Matchweek 29,Sun,Away,,,,Toulouse,,,,,,,,,,
2026-04-19,,Matchweek 30,Sun,Home,,,,Nice,,,,,,,,,,
2026-04-26,,Matchweek 31,Sun,Away,,,,Paris FC,,,,,,,,,,
2026-05-03,,Matchweek 32,Sun,Home,,,,Le Havre,,,,,,,,,,
2026-05-09,21:00:00,Matchweek 33,Sat,Away,,,,Monaco,,,,,,,,,,
2026-05-16,21:00:00,Matchweek 34,Sat,Home,,,,Auxerre,,,,,,,,,,
2025-08-17,17:15:00,Matchweek 1,Sun,Away,L,0,1,Auxerre,1.3,1.3,57,16090,Laurent Abergel,3-4-3,5-4-1,Abdelatif Kherradji,/en/matches/460d3465/Auxerre-Lorient-August-17-2025-Ligue-1,
2025-08-24,15:00:00,Matchweek 2,Sun,Home,W,4,0,Rennes,2.9,0.1,51,12343,Laurent Abergel,3-4-3,3-5-2,Jérôme Brisard,/en/matches/c085ae64/Lorient-Rennes-August-24-2025-Ligue-1,
2025-08-30,17:00:00,Matchweek 3,Sat,Home,L,1,7,Lille,1.1,3.5,41,15512,Laurent Abergel,3-4-3,4-2-3-1,Romain Lissorgue,/en/matches/fecb23de/Lorient-Lille-August-30-2025-Ligue-1,
2025-09-12,20:45:00,Matchweek 4,Fri,Away,L,0,4,Marseille,0.1,2.2,28,64098,Laurent Abergel,3-4-3,4-2-3-1,Thomas Léonard,/en/matches/eaff4ee4/Marseille-Lorient-September-12-2025-Ligue-1,
2025-09-21,17:15:00,Matchweek 5,Sun,Away,D,1,1,Le Havre,1.2,2.3,40,17483,Laurent Abergel,3-4-3,4-2-3-1,Abdelatif Kherradji,/en/matches/d6f698f7/Le-Havre-Lorient-September-21-2025-Ligue-1,
2025-09-27,17:00:00,Matchweek 6,Sat,Home,W,3,1,Monaco,1.9,1.0,47,15561,Laurent Abergel,3-4-3,3-5-2,Ruddy Buquet,/en/matches/ce237644/Lorient-Monaco-September-27-2025-Ligue-1,
2025-10-03,20:45:00,Matchweek 7,Fri,Away,L,0,2,Paris FC,0.7,1.0,42,18084,Laurent Abergel,3-4-3,4-3-3,Benoît Millot,/en/matches/9c3f352c/Paris-FC-Lorient-October-3-2025-Ligue-1,
2025-10-19,17:15:00,Matchweek 8,Sun,Home,D,3,3,Brest,1.2,1.6,50,16607,Laurent Abergel,3-4-3,4-2-3-1,Marc Bollengier,/en/matches/d9620be4/Lorient-Brest-October-19-2025-Ligue-1,
2025-10-26,17:15:00,Matchweek 9,Sun,Away,L,0,2,Angers,1.9,1.1,62,11682,Laurent Abergel,3-4-3,4-2-3-1,Benoît Bastien,/en/matches/57e8593d/Angers-Lorient-October-26-2025-Ligue-1,
2025-10-29,19:00:00,Matchweek 10,Wed,Home,D,1,1,Paris Saint-Germain,0.3,1.4,23,16706,Laurent Abergel,5-4-1,4-3-3,Willy Delajod,/en/matches/fae0cebf/Lorient-Paris-Saint-Germain-October-29-2025-Ligue-1,
2025-11-02,17:15:00,Matchweek 11,Sun,Away,L,0,3,Lens,1.8,2.1,42,37373,Laurent Abergel,3-4-3,3-4-3,Jérémie Pignard,/en/matches/537900ec/Lens-Lorient-November-2-2025-Ligue-1,
2025-11-09,15:00:00,Matchweek 12,Sun,Home,D,1,1,Toulouse,1.3,1.3,49,15562,Laurent Abergel,3-4-3,3-4-3,Hakim Ben El Hadj Salem,/en/matches/3b9a668d/Lorient-Toulouse-November-9-2025-Ligue-1,
2025-11-23,17:15:00,Matchweek 13,Sun,Away,D,1,1,Nantes,0.3,0.8,44,25967,Montassar Talbi,3-4-3,4-3-3,Ruddy Buquet,/en/matches/85a0e019/Nantes-Lorient-November-23-2025-Ligue-1,
2025-11-30,17:15:00,Matchweek 14,Sun,Home,W,3,1,Nice,2.3,0.9,43,15648,Laurent Abergel,3-4-3,3-5-2,Romain Lissorgue,/en/matches/f96e21d9/Lorient-Nice-November-30-2025-Ligue-1,
2025-12-07,20:45:00,Matchweek 15,Sun,Home,W,1,0,Lyon,2.5,0.4,40,16213,Laurent Abergel,3-4-3,3-4-3,Mathieu Vernice,/en/matches/a6944734/Lorient-Lyon-December-7-2025-Ligue-1,
2025-12-14,17:15:00,Matchweek 16,Sun,Away,D,0,0,Strasbourg,0.5,0.7,38,29951,Laurent Abergel,3-4-3,3-4-3,Gaël Angoula,/en/matches/e8ace8e4/Strasbourg-Lorient-December-14-2025-Ligue-1,
2026-01-04,17:15:00,Matchweek 17,Sun,Home,D,1,1,Metz,1.4,0.4,43,12602,Laurent Abergel,3-4-3,4-2-3-1,Guillaume Paradis,/en/matches/3b4e803c/Lorient-Metz-January-4-2026-Ligue-1,
2026-01-16,19:00:00,Matchweek 18,Fri,Away,,,,Monaco,,,,,,,,,,
2026-01-24,17:00:00,Matchweek 19,Sat,Away,,,,Rennes,,,,,,,,,,
2026-01-31,19:00:00,Matchweek 20,Sat,Home,,,,Nantes,,,,,,,,,,
2026-02-07,19:00:00,Matchweek 21,Sat,Away,,,,Brest,,,,,,,,,,
2026-02-15,,Matchweek 22,Sun,Home,,,,Angers,,,,,,,,,,
2026-02-22,,Matchweek 23,Sun,Away,,,,Nice,,,,,,,,,,
2026-03-01,,Matchweek 24,Sun,Home,,,,Auxerre,,,,,,,,,,
2026-03-08,,Matchweek 25,Sun,Away,,,,Lille,,,,,,,,,,
2026-03-15,,Matchweek 26,Sun,Home,,,,Lens,,,,,,,,,,
2026-03-22,,Matchweek 27,Sun,Away,,,,Toulouse,,,,,,,,,,
2026-04-05,,Matchweek 28,Sun,Home,,,,Paris FC,,,,,,,,,,
2026-04-12,,Matchweek 29,Sun,Away,,,,Lyon,,,,,,,,,,
2026-04-19,,Matchweek 30,Sun,Home,,,,Marseille,,,,,,,,,,
2026-04-26,,Matchweek 31,Sun,Home,,,,Strasbourg,,,,,,,,,,
2026-05-03,,Matchweek 32,Sun,Away,,,,Paris Saint-Germain,,,,,,,,,,
2026-05-09,21:00:00,Matchweek 33,Sat,Away,,,,Metz,,,,,,,,,,
2026-05-16,21:00:00,Matchweek 34,Sat,Home,,,,Le Havre,,,,,,,,,,
2025-08-16,17:00:00,Matchweek 1,Sat,Away,W,1,0,Lens,1.4,1.4,44,38137,Corentin Tolisso,4-2-3-1,3-4-3,Romain Lissorgue,/en/matches/5959d3ad/Lens-Lyon-August-16-2025-Ligue-1,
2025-08-23,21:05:00,Matchweek 2,Sat,Home,W,3,0,Metz,2.8,0.6,53,49853,Corentin Tolisso,4-2-3-1,4-2-3-1,Eric Wattellier,/en/matches/6df797c8/Lyon-Metz-August-23-2025-Ligue-1,
2025-08-31,20:45:00,Matchweek 3,Sun,Home,W,1,0,Marseille,2.3,0.8,57,52095,Corentin Tolisso,4-2-3-1,4-2-3-1,François Letexier,/en/matches/2e7d7c7d/Choc-des-Olympiques-Lyon-Marseille-August-31-2025-Ligue-1,
2025-09-14,20:45:00,Matchweek 4,Sun,Away,L,1,3,Rennes,1.7,2.1,52,27392,Corentin Tolisso,4-2-3-1,3-5-2,Ruddy Buquet,/en/matches/e8a7d6a7/Rennes-Lyon-September-14-2025-Ligue-1,
2025-09-19,20:45:00,Matchweek 5,Fri,Home,W,1,0,Angers,1.8,1.0,67,44437,Corentin Tolisso,4-2-3-1,4-3-3,Clément Turpin,/en/matches/3d321db7/Lyon-Angers-September-19-2025-Ligue-1,
2025-09-28,17:15:00,Matchweek 6,Sun,Away,W,1,0,Lille,0.5,1.5,46,45287,Corentin Tolisso,4-3-3,4-2-3-1,Mathieu Vernice,/en/matches/ee984aec/Lille-Lyon-September-28-2025-Ligue-1,
2025-10-05,15:00:00,Matchweek 7,Sun,Home,L,1,2,Toulouse,1.2,1.2,69,51414,Corentin Tolisso,4-2-3-1,3-4-3,Thomas Léonard,/en/matches/60ecc64f/Lyon-Toulouse-October-5-2025-Ligue-1,
2025-10-18,17:00:00,Matchweek 8,Sat,Away,L,2,3,Nice,3.3,0.7,69,24122,Corentin Tolisso,4-2-3-1,3-4-3,Jérôme Brisard,/en/matches/b4b8f430/Nice-Lyon-October-18-2025-Ligue-1,
2025-10-26,20:45:00,Matchweek 9,Sun,Home,W,2,1,Strasbourg,1.7,0.5,48,49058,Corentin Tolisso,4-3-3,3-5-2,Eric Wattellier,/en/matches/cd22fe80/Lyon-Strasbourg-October-26-2025-Ligue-1,
2025-10-29,21:05:00,Matchweek 10,Wed,Away,D,3,3,Paris FC,1.3,0.6,48,18445,Corentin Tolisso,4-2-3-1,4-3-3,Jeremy Stinat,/en/matches/43400423/Paris-FC-Lyon-October-29-2025-Ligue-1,
2025-11-02,20:45:00,Matchweek 11,Sun,Away,D,0,0,Brest,0.2,1.5,50,14534,Corentin Tolisso,4-2-3-1,4-2-3-1,Clément Turpin,/en/matches/167e4077/Brest-Lyon-November-2-2025-Ligue-1,
2025-11-09,20:45:00,Matchweek 12,Sun,Home,L,2,3,Paris Saint-Germain,0.7,1.4,29,58257,Nicolás Tagliafico,4-2-3-1,4-3-3,Benoît Bastien,/en/matches/76c23d28/Lyon-Paris-Saint-Germain-November-9-2025-Ligue-1,
2025-11-23,15:00:00,Matchweek 13,Sun,Away,D,0,0,Auxerre,1.6,2.0,69,17359,Corentin Tolisso,4-2-3-1,4-3-3,Thomas Léonard,/en/matches/f9cdf8a6/Auxerre-Lyon-November-23-2025-Ligue-1,
2025-11-30,20:45:00,Matchweek 14,Sun,Home,W,3,0,Nantes,2.3,1.0,70,46449,Corentin Tolisso,3-4-3,4-3-3,Abdelatif Kherradji,/en/matches/0a34e64f/Lyon-Nantes-November-30-2025-Ligue-1,
2025-12-07,20:45:00,Matchweek 15,Sun,Away,L,0,1,Lorient,0.4,2.5,60,16213,Corentin Tolisso,3-4-3,3-4-3,Mathieu Vernice,/en/matches/a6944734/Lorient-Lyon-December-7-2025-Ligue-1,
2025-12-14,15:00:00,Matchweek 16,Sun,Home,W,1,0,Le Havre,2.5,1.4,57,42168,Corentin Tolisso,4-3-3,4-3-3,Marc Bollengier,/en/matches/fedc0902/Lyon-Le-Havre-December-14-2025-Ligue-1,
2026-01-03,17:00:00,Matchweek 17,Sat,Away,W,3,1,Monaco,1.4,0.5,56,11828,Corentin Tolisso,4-3-1-2,4-3-1-2,Jérôme Brisard,/en/matches/6b9bd7bb/Monaco-Lyon-January-3-2026-Ligue-1,
2026-01-18,20:45:00,Matchweek 18,Sun,Home,,,,Brest,,,,,,,,,,
2026-01-25,17:15:00,Matchweek 19,Sun,Away,,,,Metz,,,,,,,,,,
2026-02-01,15:00:00,Matchweek 20,Sun,Home,,,,Lille,,,,,,,,,,
2026-02-07,21:05:00,Matchweek 21,Sat,Away,,,,Nantes,,,,,,,,,,
2026-02-15,,Matchweek 22,Sun,Home,,,,Nice,,,,,,,,,,
2026-02-22,,Matchweek 23,Sun,Away,,,,Strasbourg,,,,,,,,,,
2026-03-01,,Matchweek 24,Sun,Away,,,,Marseille,,,,,,,,,,
2026-03-08,,Matchweek 25,Sun,Home,,,,Paris FC,,,,,,,,,,
2026-03-15,,Matchweek 26,Sun,Away,,,,Le Havre,,,,,,,,,,
2026-03-22,,Matchweek 27,Sun,Home,,,,Monaco,,,,,,,,,,
2026-04-05,,Matchweek 28,Sun,Away,,,,Angers,,,,,,,,,,
2026-04-12,,Matchweek 29,Sun,Home,,,,Lorient,,,,,,,,,,
2026-04-19,,Matchweek 30,Sun,Away,,,,Paris Saint-Germain,,,,,,,,,,
2026-04-26,,Matchweek 31,Sun,Home,,,,Auxerre,,,,,,,,,,
2026-05-03,,Matchweek 32,Sun,Home,,,,Rennes,,,,,,,,,,
2026-05-09,21:00:00,Matchweek 33,Sat,Away,,,,Toulouse,,,,,,,,,,
2026-05-16,21:00:00,Matchweek 34,Sat,Home,,,,Lens,,,,,,,,,,
2025-08-15,20:45:00,Matchweek 1,Fri,Away,L,0,1,Rennes,1.7,1.5,72,28360,Leonardo Balerdi,3-2-4-1,5-3-2,Jérémie Pignard,/en/matches/fbd5fc84/Rennes-Marseille-August-15-2025-Ligue-1,
2025-08-23,17:00:00,Matchweek 2,Sat,Home,W,5,2,Paris FC,2.3,1.1,60,64074,Leonardo Balerdi,4-2-3-1,4-3-3,Marc Bollengier,/en/matches/7c56af85/Marseille-Paris-FC-August-23-2025-Ligue-1,
2025-08-31,20:45:00,Matchweek 3,Sun,Away,L,0,1,Lyon,0.8,2.3,43,52095,Leonardo Balerdi,4-2-3-1,4-2-3-1,François Letexier,/en/matches/2e7d7c7d/Choc-des-Olympiques-Lyon-Marseille-August-31-2025-Ligue-1,
2025-09-12,20:45:00,Matchweek 4,Fri,Home,W,4,0,Lorient,2.2,0.1,72,64098,Geoffrey Kondogbia,4-2-3-1,3-4-3,Thomas Léonard,/en/matches/eaff4ee4/Marseille-Lorient-September-12-2025-Ligue-1,
2025-09-22,20:00:00,Matchweek 5,Mon,Home,W,1,0,Paris Saint-Germain,1.1,0.7,32,66190,Leonardo Balerdi,3-4-3,3-5-2,Jérôme Brisard,/en/matches/e53e3ae2/Marseille-Paris-Saint-Germain-September-22-2025-Ligue-1,
2025-09-26,20:45:00,Matchweek 6,Fri,Away,W,2,1,Strasbourg,2.0,1.4,60,23262,Leonardo Balerdi,4-2-3-1,4-2-3-1,Jérémie Pignard,/en/matches/13d407ad/Strasbourg-Marseille-September-26-2025-Ligue-1,
2025-10-04,17:00:00,Matchweek 7,Sat,Away,W,3,0,Metz,2.7,0.1,62,28300,Pierre Højbjerg,4-2-3-1,3-4-3,Clément Turpin,/en/matches/0dfe9c56/Metz-Marseille-October-4-2025-Ligue-1,
2025-10-18,21:05:00,Matchweek 8,Sat,Home,W,6,2,Le Havre,4.2,0.5,73,64869,Leonardo Balerdi,4-2-3-1,4-4-2,Bastien Dechepy,/en/matches/0d90c694/Marseille-Le-Havre-October-18-2025-Ligue-1,
2025-10-25,21:05:00,Matchweek 9,Sat,Away,L,1,2,Lens,0.7,1.8,68,38223,Nayef Aguerd,3-4-3,3-4-3,Stéphanie Frappart,/en/matches/401a34e7/Lens-Marseille-October-25-2025-Ligue-1,
2025-10-29,21:05:00,Matchweek 10,Wed,Home,D,2,2,Angers,1.3,1.0,59,64599,Pierre Højbjerg,4-2-3-1,4-2-3-1,Thomas Léonard,/en/matches/4e9cae04/Marseille-Angers-October-29-2025-Ligue-1,
2025-11-01,21:05:00,Matchweek 11,Sat,Away,W,1,0,Auxerre,0.5,1.2,51,16529,Pierre Højbjerg,3-5-2,5-4-1,Benoît Bastien,/en/matches/e98babb3/Auxerre-Marseille-November-1-2025-Ligue-1,
2025-11-08,17:00:00,Matchweek 12,Sat,Home,W,3,0,Brest,3.5,0.9,63,66279,Pierre Højbjerg,4-2-3-1,4-2-3-1,Willy Delajod,/en/matches/a42f9bcd/Marseille-Brest-November-8-2025-Ligue-1,
2025-11-21,20:45:00,Matchweek 13,Fri,Away,W,5,1,Nice,2.8,1.2,47,27089,Leonardo Balerdi,4-2-3-1,3-4-3,Jérémie Pignard,/en/matches/9fbe6212/Nice-Marseille-November-21-2025-Ligue-1,
2025-11-29,21:05:00,Matchweek 14,Sat,Home,D,2,2,Toulouse,1.8,0.7,76,65163,Pierre Højbjerg,4-2-3-1,3-4-3,Eric Wattellier,/en/matches/8fedda5c/Marseille-Toulouse-November-29-2025-Ligue-1,
2025-12-05,21:00:00,Matchweek 15,Fri,Away,L,0,1,Lille,0.5,0.3,58,48258,Leonardo Balerdi,3-4-3,4-2-3-1,Jérôme Brisard,/en/matches/684afd5f/Lille-Marseille-December-5-2025-Ligue-1,
2025-12-14,20:45:00,Matchweek 16,Sun,Home,W,1,0,Monaco,1.8,2.2,57,64509,Pierre Højbjerg,4-2-3-1,4-2-3-1,François Letexier,/en/matches/fa8b8daf/Marseille-Monaco-December-14-2025-Ligue-1,
2026-01-04,15:00:00,Matchweek 17,Sun,Home,L,0,2,Nantes,0.7,3.6,56,64780,Pierre Højbjerg,3-4-3,5-4-1,Marc Bollengier,/en/matches/37010f17/Marseille-Nantes-January-4-2026-Ligue-1,
2026-01-17,21:05:00,Matchweek 18,Sat,Away,,,,Angers,,,,,,,,,,
2026-01-24,21:05:00,Matchweek 19,Sat,Home,,,,Lens,,,,,,,,,,
2026-01-31,17:00:00,Matchweek 20,Sat,Away,,,,Paris FC,,,,,,,,,,
2026-02-08,20:45:00,Matchweek 21,Sun,Away,,,,Paris Saint-Germain,,,,,,,,,,
2026-02-15,,Matchweek 22,Sun,Home,,,,Strasbourg,,,,,,,,,,
2026-02-22,,Matchweek 23,Sun,Away,,,,Brest,,,,,,,,,,
2026-03-01,,Matchweek 24,Sun,Home,,,,Lyon,,,,,,,,,,
2026-03-08,,Matchweek 25,Sun,Away,,,,Toulouse,,,,,,,,,,
2026-03-15,,Matchweek 26,Sun,Home,,,,Auxerre,,,,,,,,,,
2026-03-22,,Matchweek 27,Sun,Home,,,,Lille,,,,,,,,,,
2026-04-05,,Matchweek 28,Sun,Away,,,,Monaco,,,,,,,,,,
2026-04-12,,Matchweek 29,Sun,Home,,,,Metz,,,,,,,,,,
2026-04-19,,Matchweek 30,Sun,Away,,,,Lorient,,,,,,,,,,
2026-04-26,,Matchweek 31,Sun,Home,,,,Nice,,,,,,,,,,
2026-05-03,,Matchweek 32,Sun,Away,,,,Nantes,,,,,,,,,,
2026-05-09,21:00:00,Matchweek 33,Sat,Away,,,,Le Havre,,,,,,,,,,
2026-05-16,21:00:00,Matchweek 34,Sat,Home,,,,Rennes,,,,,,,,,,
2025-08-17,17:15:00,Matchweek 1,Sun,Home,L,0,1,Strasbourg,0.3,0.6,37,25009,Cheikh Tidiane Sabaly,5-3-2,5-3-2,Mathieu Vernice,/en/matches/df64d32a/Metz-Strasbourg-August-17-2025-Ligue-1,
2025-08-23,21:05:00,Matchweek 2,Sat,Away,L,0,3,Lyon,0.6,2.8,47,49853,Gauthier Hein,4-2-3-1,4-2-3-1,Eric Wattellier,/en/matches/6df797c8/Lyon-Metz-August-23-2025-Ligue-1,
2025-08-31,17:15:00,Matchweek 3,Sun,Away,L,2,3,Paris FC,1.8,3.2,49,17345,Gauthier Hein,4-2-3-1,4-3-3,Gaël Angoula,/en/matches/adae2347/Paris-FC-Metz-August-31-2025-Ligue-1,
2025-09-14,17:15:00,Matchweek 4,Sun,Home,D,1,1,Angers,1.7,2.4,55,21107,Gauthier Hein,4-2-3-1,4-2-3-1,Benoît Millot,/en/matches/80b1df7f/Metz-Angers-September-14-2025-Ligue-1,
2025-09-21,17:15:00,Matchweek 5,Sun,Away,L,2,5,Monaco,2.2,3.5,56,6080,Gauthier Hein,3-4-3,4-4-2,Stéphanie Frappart,/en/matches/08aea0af/Monaco-Metz-September-21-2025-Ligue-1,
2025-09-28,17:15:00,Matchweek 6,Sun,Home,D,0,0,Le Havre,0.5,0.3,52,19976,Gauthier Hein,3-4-3,4-3-3,Guillaume Paradis,/en/matches/9c7203aa/Metz-Le-Havre-September-28-2025-Ligue-1,
2025-10-04,17:00:00,Matchweek 7,Sat,Home,L,0,3,Marseille,0.1,2.7,38,28300,Gauthier Hein,3-4-3,4-2-3-1,Clément Turpin,/en/matches/0dfe9c56/Metz-Marseille-October-4-2025-Ligue-1,
2025-10-19,17:15:00,Matchweek 8,Sun,Away,L,0,4,Toulouse,0.1,2.5,64,26078,Gauthier Hein,3-4-3,3-4-3,François Letexier,/en/matches/c8f84615/Toulouse-Metz-October-19-2025-Ligue-1,
2025-10-26,15:00:00,Matchweek 9,Sun,Away,L,1,6,Lille,1.3,2.9,38,42089,Benjamin Stambouli,4-3-3,4-2-3-1,Benoît Millot,/en/matches/513ba656/Lille-Metz-October-26-2025-Ligue-1,
2025-10-29,19:00:00,Matchweek 10,Wed,Home,W,2,0,Lens,3.3,1.3,46,20618,Gauthier Hein,4-1-4-1,3-4-3,Abdelatif Kherradji,/en/matches/e7ee16a0/Metz-Lens-October-29-2025-Ligue-1,
2025-11-02,17:15:00,Matchweek 11,Sun,Away,W,2,0,Nantes,1.3,0.9,47,27150,Maxime Colin,4-2-3-1,4-1-4-1,Gaël Angoula,/en/matches/1d6a5a0b/Nantes-Metz-November-2-2025-Ligue-1,
2025-11-09,17:15:00,Matchweek 12,Sun,Home,W,2,1,Nice,1.6,0.9,50,20683,Gauthier Hein,4-2-3-1,3-4-1-2,Stéphanie Frappart,/en/matches/958a0a33/Metz-Nice-November-9-2025-Ligue-1,
2025-11-23,17:15:00,Matchweek 13,Sun,Away,L,2,3,Brest,1.0,3.1,44,13938,Gauthier Hein,4-2-3-1,4-2-3-1,Gaël Angoula,/en/matches/10782105/Brest-Metz-November-23-2025-Ligue-1,
2025-11-28,20:45:00,Matchweek 14,Fri,Home,L,0,1,Rennes,1.0,0.8,52,20291,Gauthier Hein,3-4-3,3-5-2,Jeremy Stinat,/en/matches/c25f4acf/Metz-Rennes-November-28-2025-Ligue-1,
2025-12-07,17:15:00,Matchweek 15,Sun,Away,L,1,3,Auxerre,0.6,1.9,61,15588,Gauthier Hein,4-2-3-1,4-3-3,Eric Wattellier,/en/matches/11ad7df8/Auxerre-Metz-December-7-2025-Ligue-1,
2025-12-13,19:00:00,Matchweek 16,Sat,Home,L,2,3,Paris Saint-Germain,0.6,1.8,41,28500,Gauthier Hein,4-2-3-1,4-3-3,Romain Lissorgue,/en/matches/6fce1682/Metz-Paris-Saint-Germain-December-13-2025-Ligue-1,
2026-01-04,17:15:00,Matchweek 17,Sun,Away,D,1,1,Lorient,0.4,1.4,57,12602,Gauthier Hein,4-2-3-1,3-4-3,Guillaume Paradis,/en/matches/3b4e803c/Lorient-Metz-January-4-2026-Ligue-1,
2026-01-18,15:00:00,Matchweek 18,Sun,Away,,,,Strasbourg,,,,,,,,,,
2026-01-25,17:15:00,Matchweek 19,Sun,Home,,,,Lyon,,,,,,,,,,
2026-02-01,17:15:00,Matchweek 20,Sun,Away,,,,Angers,,,,,,,,,,
2026-02-06,20:45:00,Matchweek 21,Fri,Home,,,,Lille,,,,,,,,,,
2026-02-15,,Matchweek 22,Sun,Home,,,,Auxerre,,,,,,,,,,
2026-02-22,,Matchweek 23,Sun,Away,,,,Paris Saint-Germain,,,,,,,,,,
2026-03-01,,Matchweek 24,Sun,Home,,,,Brest,,,,,,,,,,
2026-03-08,,Matchweek 25,Sun,Away,,,,Lens,,,,,,,,,,
2026-03-15,,Matchweek 26,Sun,Home,,,,Toulouse,,,,,,,,,,
2026-03-22,,Matchweek 27,Sun,Away,,,,Rennes,,,,,,,,,,
2026-04-05,,Matchweek 28,Sun,Home,,,,Nantes,,,,,,,,,,
2026-04-12,,Matchweek 29,Sun,Away,,,,Marseille,,,,,,,,,,
2026-04-19,,Matchweek 30,Sun,Home,,,,Paris FC,,,,,,,,,,
2026-04-26,,Matchweek 31,Sun,Away,,,,Le Havre,,,,,,,,,,
2026-05-03,,Matchweek 32,Sun,Home,,,,Monaco,,,,,,,,,,
2026-05-09,21:00:00,Matchweek 33,Sat,Home,,,,Lorient,,,,,,,,,,
2026-05-16,21:00:00,Matchweek 34,Sat,Away,,,,Nice,,,,,,,,,,
2025-08-16,19:00:00,Matchweek 1,Sat,Home,W,3,1,Le Havre,1.8,0.6,74,11734,Denis Zakaria,4-2-3-1,4-1-4-1,Ruddy Buquet,/en/matches/772d8629/Monaco-Le-Havre-August-16-2025-Ligue-1,
2025-08-24,20:45:00,Matchweek 2,Sun,Away,L,0,1,Lille,1.2,2.9,50,43549,Denis Zakaria,4-3-3,4-2-3-1,Willy Delajod,/en/matches/1c61c286/Lille-Monaco-August-24-2025-Ligue-1,
2025-08-31,17:15:00,Matchweek 3,Sun,Home,W,3,2,Strasbourg,1.9,1.6,43,8718,Denis Zakaria,4-2-3-1,3-4-3,Benoît Bastien,/en/matches/9fadc7e1/Monaco-Strasbourg-August-31-2025-Ligue-1,
2025-09-13,21:05:00,Matchweek 4,Sat,Away,W,2,1,Auxerre,1.4,0.9,68,16703,Denis Zakaria,4-4-2,5-4-1,Romain Lissorgue,/en/matches/f3a8d388/Auxerre-Monaco-September-13-2025-Ligue-1,
2025-09-21,17:15:00,Matchweek 5,Sun,Home,W,5,2,Metz,3.5,2.2,44,6080,Thilo Kehrer,4-4-2,3-4-3,Stéphanie Frappart,/en/matches/08aea0af/Monaco-Metz-September-21-2025-Ligue-1,
2025-09-27,17:00:00,Matchweek 6,Sat,Away,L,1,3,Lorient,1.0,1.9,53,15561,Thilo Kehrer,3-5-2,3-4-3,Ruddy Buquet,/en/matches/ce237644/Lorient-Monaco-September-27-2025-Ligue-1,
2025-10-05,17:15:00,Matchweek 7,Sun,Home,D,2,2,Nice,2.9,1.1,65,8500,Eric Dier,4-2-3-1,3-4-3,Willy Delajod,/en/matches/93639c78/Monaco-Nice-October-5-2025-Ligue-1,
2025-10-18,19:00:00,Matchweek 8,Sat,Away,D,1,1,Angers,1.9,1.8,58,13423,Thilo Kehrer,3-4-3,4-2-3-1,Jeremy Stinat,/en/matches/aeed11a9/Angers-Monaco-October-18-2025-Ligue-1,
2025-10-25,19:00:00,Matchweek 9,Sat,Home,W,1,0,Toulouse,2.9,0.7,53,7086,Thilo Kehrer,3-4-3,3-4-3,Guillaume Paradis,/en/matches/fe7036bb/Monaco-Toulouse-October-25-2025-Ligue-1,
2025-10-29,21:05:00,Matchweek 10,Wed,Away,W,5,3,Nantes,4.3,1.6,50,33653,Thilo Kehrer,3-1-4-2,4-3-3,Jérôme Brisard,/en/matches/61307c58/Nantes-Monaco-October-29-2025-Ligue-1,
2025-11-01,19:00:00,Matchweek 11,Sat,Home,L,0,1,Paris FC,0.8,1.0,56,10727,Thilo Kehrer,3-4-3,4-3-3,Eric Wattellier,/en/matches/a6e9b50e/Monaco-Paris-FC-November-1-2025-Ligue-1,
2025-11-08,21:05:00,Matchweek 12,Sat,Home,L,1,4,Lens,2.6,3.1,50,9456,Thilo Kehrer,3-1-4-2,3-4-3,Bastien Dechepy,/en/matches/8351b4ea/Monaco-Lens-November-8-2025-Ligue-1,
2025-11-22,19:00:00,Matchweek 13,Sat,Away,L,1,4,Rennes,1.4,3.7,50,27681,Denis Zakaria,3-4-3,3-5-2,Hakim Ben El Hadj Salem,/en/matches/7d63a57f/Rennes-Monaco-November-22-2025-Ligue-1,
2025-11-29,17:00:00,Matchweek 14,Sat,Home,W,1,0,Paris Saint-Germain,0.6,1.3,43,11546,Thilo Kehrer,4-2-3-1,4-3-3,Clément Turpin,/en/matches/6ed4169c/Monaco-Paris-Saint-Germain-November-29-2025-Ligue-1,
2025-12-05,19:00:00,Matchweek 15,Fri,Away,L,0,1,Brest,0.6,1.5,59,14522,Maghnes Akliouche,4-2-3-1,4-2-3-1,Thomas Léonard,/en/matches/409f5358/Brest-Monaco-December-5-2025-Ligue-1,
2025-12-14,20:45:00,Matchweek 16,Sun,Away,L,0,1,Marseille,2.2,1.8,43,64509,Denis Zakaria,4-2-3-1,4-2-3-1,François Letexier,/en/matches/fa8b8daf/Marseille-Monaco-December-14-2025-Ligue-1,
2026-01-03,17:00:00,Matchweek 17,Sat,Home,L,1,3,Lyon,0.5,1.4,44,11828,Thilo Kehrer,4-3-1-2,4-3-1-2,Jérôme Brisard,/en/matches/6b9bd7bb/Monaco-Lyon-January-3-2026-Ligue-1,
2026-01-16,19:00:00,Matchweek 18,Fri,Home,,,,Lorient,,,,,,,,,,
2026-01-24,19:00:00,Matchweek 19,Sat,Away,,,,Le Havre,,,,,,,,,,
2026-01-31,21:05:00,Matchweek 20,Sat,Home,,,,Rennes,,,,,,,,,,
2026-02-08,15:00:00,Matchweek 21,Sun,Away,,,,Nice,,,,,,,,,,
2026-02-15,,Matchweek 22,Sun,Home,,,,Nantes,,,,,,,,,,
2026-02-22,,Matchweek 23,Sun,Away,,,,Lens,,,,,,,,,,
2026-03-01,,Matchweek 24,Sun,Home,,,,Angers,,,,,,,,,,
2026-03-08,,Matchweek 25,Sun,Away,,,,Paris Saint-Germain,,,,,,,,,,
2026-03-15,,Matchweek 26,Sun,Home,,,,Brest,,,,,,,,,,
2026-03-22,,Matchweek 27,Sun,Away,,,,Lyon,,,,,,,,,,
2026-04-05,,Matchweek 28,Sun,Home,,,,Marseille,,,,,,,,,,
2026-04-12,,Matchweek 29,Sun,Away,,,,Paris FC,,,,,,,,,,
2026-04-19,,Matchweek 30,Sun,Home,,,,Auxerre,,,,,,,,,,
2026-04-26,,Matchweek 31,Sun,Away,,,,Toulouse,,,,,,,,,,
2026-05-03,,Matchweek 32,Sun,Away,,,,Metz,,,,,,,,,,
2026-05-09,21:00:00,Matchweek 33,Sat,Home,,,,Lille,,,,,,,,,,
2026-05-16,21:00:00,Matchweek 34,Sat,Away,,,,Strasbourg,,,,,,,,,,
2025-08-17,20:45:00,Matchweek 1,Sun,Home,L,0,1,Paris Saint-Germain,0.1,1.4,30,34053,Kelvin Amian,4-1-4-1,4-3-3,Benoît Bastien,/en/matches/8ed2fa41/Nantes-Paris-Saint-Germain-August-17-2025-Ligue-1,
2025-08-24,17:15:00,Matchweek 2,Sun,Away,L,0,1,Strasbourg,0.4,1.8,51,22468,Francis Coquelin,4-1-4-1,3-4-3,Bastien Dechepy,/en/matches/f5b0aa33/Strasbourg-Nantes-August-24-2025-Ligue-1,
2025-08-30,19:00:00,Matchweek 3,Sat,Home,W,1,0,Auxerre,0.5,0.7,42,28784,Francis Coquelin,4-3-3,4-4-1-1,Stéphanie Frappart,/en/matches/9db213a2/Nantes-Auxerre-August-30-2025-Ligue-1,
2025-09-13,17:00:00,Matchweek 4,Sat,Away,L,0,1,Nice,0.8,1.7,41,20096,Kelvin Amian,4-1-4-1,3-4-3,Guillaume Paradis,/en/matches/3bd330c7/Nice-Nantes-September-13-2025-Ligue-1,
2025-09-20,17:00:00,Matchweek 5,Sat,Home,D,2,2,Rennes,2.0,1.4,43,31337,Kelvin Amian,4-1-4-1,3-5-2,Mathieu Vernice,/en/matches/23cfe985/Nantes-Rennes-September-20-2025-Ligue-1,
2025-09-27,19:00:00,Matchweek 6,Sat,Away,D,2,2,Toulouse,1.2,2.0,55,22822,Kelvin Amian,4-3-3,3-4-3,Benoît Millot,/en/matches/30f98e8d/Toulouse-Nantes-September-27-2025-Ligue-1,
2025-10-04,19:00:00,Matchweek 7,Sat,Away,D,0,0,Brest,0.2,1.5,49,14941,Kelvin Amian,4-1-4-1,4-2-3-1,Gaël Angoula,/en/matches/329f92b2/Brest-Nantes-October-4-2025-Ligue-1,
2025-10-19,20:45:00,Matchweek 8,Sun,Home,L,0,2,Lille,0.6,2.5,37,29845,Kelvin Amian,4-3-3,4-2-3-1,Thomas Léonard,/en/matches/98c265c0/Nantes-Lille-October-19-2025-Ligue-1,
2025-10-24,20:45:00,Matchweek 9,Fri,Away,W,2,1,Paris FC,0.9,1.2,33,17522,Kelvin Amian,4-3-3,4-2-3-1,Ruddy Buquet,/en/matches/e38cdc1f/Paris-FC-Nantes-October-24-2025-Ligue-1,
2025-10-29,21:05:00,Matchweek 10,Wed,Home,L,3,5,Monaco,1.6,4.3,50,33653,Kelvin Amian,4-3-3,3-1-4-2,Jérôme Brisard,/en/matches/61307c58/Nantes-Monaco-October-29-2025-Ligue-1,
2025-11-02,17:15:00,Matchweek 11,Sun,Home,L,0,2,Metz,0.9,1.3,53,27150,Kelvin Amian,4-1-4-1,4-2-3-1,Gaël Angoula,/en/matches/1d6a5a0b/Nantes-Metz-November-2-2025-Ligue-1,
2025-11-08,19:00:00,Matchweek 12,Sat,Away,D,1,1,Le Havre,0.2,0.9,36,19747,Kelvin Amian,4-3-3,4-1-3-2,Romain Lissorgue,/en/matches/dd1c75e9/Le-Havre-Nantes-November-8-2025-Ligue-1,
2025-11-23,17:15:00,Matchweek 13,Sun,Home,D,1,1,Lorient,0.8,0.3,56,25967,Kelvin Amian,4-3-3,3-4-3,Ruddy Buquet,/en/matches/85a0e019/Nantes-Lorient-November-23-2025-Ligue-1,
2025-11-30,20:45:00,Matchweek 14,Sun,Away,L,0,3,Lyon,1.0,2.3,30,46449,Kelvin Amian,4-3-3,3-4-3,Abdelatif Kherradji,/en/matches/0a34e64f/Lyon-Nantes-November-30-2025-Ligue-1,
2025-12-06,17:00:00,Matchweek 15,Sat,Home,L,1,2,Lens,1.2,2.3,34,26654,Kelvin Amian,4-3-3,3-4-3,Benoît Bastien,/en/matches/1dd5dec9/Nantes-Lens-December-6-2025-Ligue-1,
2025-12-12,20:45:00,Matchweek 16,Fri,Away,L,1,4,Angers,0.4,2.2,46,14308,Anthony Lopes,4-4-2,4-2-3-1,Stéphanie Frappart,/en/matches/0a7d5ec7/Angers-Nantes-December-12-2025-Ligue-1,
2026-01-04,15:00:00,Matchweek 17,Sun,Away,W,2,0,Marseille,3.6,0.7,44,64780,Anthony Lopes,5-4-1,3-4-3,Marc Bollengier,/en/matches/37010f17/Marseille-Nantes-January-4-2026-Ligue-1,
2026-01-18,17:15:00,Matchweek 18,Sun,Home,,,,Paris FC,,,,,,,,,,
2026-01-25,15:00:00,Matchweek 19,Sun,Home,,,,Nice,,,,,,,,,,
2026-01-31,19:00:00,Matchweek 20,Sat,Away,,,,Lorient,,,,,,,,,,
2026-02-07,21:05:00,Matchweek 21,Sat,Home,,,,Lyon,,,,,,,,,,
2026-02-15,,Matchweek 22,Sun,Away,,,,Monaco,,,,,,,,,,
2026-02-22,,Matchweek 23,Sun,Home,,,,Le Havre,,,,,,,,,,
2026-03-01,,Matchweek 24,Sun,Away,,,,Lille,,,,,,,,,,
2026-03-08,,Matchweek 25,Sun,Home,,,,Angers,,,,,,,,,,
2026-03-15,,Matchweek 26,Sun,Away,,,,Paris Saint-Germain,,,,,,,,,,
2026-03-22,,Matchweek 27,Sun,Home,,,,Strasbourg,,,,,,,,,,
2026-04-05,,Matchweek 28,Sun,Away,,,,Metz,,,,,,,,,,
2026-04-12,,Matchweek 29,Sun,Away,,,,Auxerre,,,,,,,,,,
2026-04-19,,Matchweek 30,Sun,Home,,,,Brest,,,,,,,,,,
2026-04-26,,Matchweek 31,Sun,Away,,,,Rennes,,,,,,,,,,
2026-05-03,,Matchweek 32,Sun,Home,,,,Marseille,,,,,,,,,,
2026-05-09,21:00:00,Matchweek 33,Sat,Away,,,,Lens,,,,,,,,,,
2026-05-16,21:00:00,Matchweek 34,Sat,Home,,,,Toulouse,,,,,,,,,,
2025-08-16,21:05:00,Matchweek 1,Sat,Home,L,0,1,Toulouse,0.8,0.6,57,23212,Melvin Bard,3-4-3,3-4-3,Thomas Léonard,/en/matches/086666a1/Nice-Toulouse-August-16-2025-Ligue-1,
2025-08-23,19:00:00,Matchweek 2,Sat,Home,W,3,1,Auxerre,1.9,1.5,55,22175,Melvin Bard,3-4-3,3-4-3,Jeremy Stinat,/en/matches/1a63326e/Nice-Auxerre-August-23-2025-Ligue-1,
2025-08-31,17:15:00,Matchweek 3,Sun,Away,L,1,3,Le Havre,0.6,2.6,58,16513,Melvin Bard,3-4-3,4-1-4-1,Jérôme Brisard,/en/matches/d7190d58/Le-Havre-Nice-August-31-2025-Ligue-1,
2025-09-13,17:00:00,Matchweek 4,Sat,Home,W,1,0,Nantes,1.7,0.8,59,20096,Dante,3-4-3,4-1-4-1,Guillaume Paradis,/en/matches/3bd330c7/Nice-Nantes-September-13-2025-Ligue-1,
2025-09-20,19:00:00,Matchweek 5,Sat,Away,L,1,4,Brest,2.3,2.0,62,14158,Melvin Bard,3-4-3,4-2-3-1,Benoît Bastien,/en/matches/cd6a399a/Brest-Nice-September-20-2025-Ligue-1,
2025-09-28,15:00:00,Matchweek 6,Sun,Home,D,1,1,Paris FC,1.0,1.8,44,20049,Jonathan Clauss,3-4-1-2,4-3-3,Abdelatif Kherradji,/en/matches/5be99991/Nice-Paris-FC-September-28-2025-Ligue-1,
2025-10-05,17:15:00,Matchweek 7,Sun,Away,D,2,2,Monaco,1.1,2.9,35,8500,Jonathan Clauss,3-4-3,4-2-3-1,Willy Delajod,/en/matches/93639c78/Monaco-Nice-October-5-2025-Ligue-1,
2025-10-18,17:00:00,Matchweek 8,Sat,Home,W,3,2,Lyon,0.7,3.3,31,24122,Dante,3-4-3,4-2-3-1,Jérôme Brisard,/en/matches/b4b8f430/Nice-Lyon-October-18-2025-Ligue-1,
2025-10-26,17:15:00,Matchweek 9,Sun,Away,W,2,1,Rennes,0.7,1.7,42,27658,Jonathan Clauss,3-4-1-2,4-4-2,Marc Bollengier,/en/matches/b111d632/Rennes-Nice-October-26-2025-Ligue-1,
2025-10-29,19:00:00,Matchweek 10,Wed,Home,W,2,0,Lille,1.7,1.0,32,22441,Melvin Bard,3-4-1-2,4-2-3-1,Bastien Dechepy,/en/matches/79a943de/Nice-Lille-October-29-2025-Ligue-1,
2025-11-01,17:00:00,Matchweek 11,Sat,Away,L,0,1,Paris Saint-Germain,0.4,2.2,24,47629,Melvin Bard,5-4-1,4-3-3,François Letexier,/en/matches/3f271d67/Paris-Saint-Germain-Nice-November-1-2025-Ligue-1,
2025-11-09,17:15:00,Matchweek 12,Sun,Away,L,1,2,Metz,0.9,1.6,50,20683,Charles Vanhoutte,3-4-1-2,4-2-3-1,Stéphanie Frappart,/en/matches/958a0a33/Metz-Nice-November-9-2025-Ligue-1,
2025-11-21,20:45:00,Matchweek 13,Fri,Home,L,1,5,Marseille,1.2,2.8,53,27089,Melvin Bard,3-4-3,4-2-3-1,Jérémie Pignard,/en/matches/9fbe6212/Nice-Marseille-November-21-2025-Ligue-1,
2025-11-30,17:15:00,Matchweek 14,Sun,Away,L,1,3,Lorient,0.9,2.3,57,15648,Melvin Bard,3-5-2,3-4-3,Romain Lissorgue,/en/matches/f96e21d9/Lorient-Nice-November-30-2025-Ligue-1,
2025-12-07,15:00:00,Matchweek 15,Sun,Home,L,0,1,Angers,1.3,0.9,50,17630,Melvin Bard,3-5-2,4-2-3-1,Jeremy Stinat,/en/matches/d8723514/Nice-Angers-December-7-2025-Ligue-1,
2025-12-14,17:15:00,Matchweek 16,Sun,Away,L,0,2,Lens,0.8,1.6,54,37278,Melvin Bard,4-3-3,3-4-3,Willy Delajod,/en/matches/d087be9d/Lens-Nice-December-14-2025-Ligue-1,
2026-01-03,19:00:00,Matchweek 17,Sat,Home,D,1,1,Strasbourg,2.6,1.4,45,18365,Morgan Sanson,4-1-4-1,4-2-3-1,Clément Turpin,/en/matches/e4d308b6/Nice-Strasbourg-January-3-2026-Ligue-1,
2026-01-17,19:00:00,Matchweek 18,Sat,Away,,,,Toulouse,,,,,,,,,,
2026-01-25,15:00:00,Matchweek 19,Sun,Away,,,,Nantes,,,,,,,,,,
2026-02-01,17:15:00,Matchweek 20,Sun,Home,,,,Brest,,,,,,,,,,
2026-02-08,15:00:00,Matchweek 21,Sun,Home,,,,Monaco,,,,,,,,,,
2026-02-15,,Matchweek 22,Sun,Away,,,,Lyon,,,,,,,,,,
2026-02-22,,Matchweek 23,Sun,Home,,,,Lorient,,,,,,,,,,
2026-03-01,,Matchweek 24,Sun,Away,,,,Paris FC,,,,,,,,,,
2026-03-08,,Matchweek 25,Sun,Home,,,,Rennes,,,,,,,,,,
2026-03-15,,Matchweek 26,Sun,Away,,,,Angers,,,,,,,,,,
2026-03-22,,Matchweek 27,Sun,Home,,,,Paris Saint-Germain,,,,,,,,,,
2026-04-05,,Matchweek 28,Sun,Away,,,,Strasbourg,,,,,,,,,,
2026-04-12,,Matchweek 29,Sun,Home,,,,Le Havre,,,,,,,,,,
2026-04-19,,Matchweek 30,Sun,Away,,,,Lille,,,,,,,,,,
2026-04-26,,Matchweek 31,Sun,Away,,,,Marseille,,,,,,,,,,
2026-05-03,,Matchweek 32,Sun,Home,,,,Lens,,,,,,,,,,
2026-05-09,21:00:00,Matchweek 33,Sat,Away,,,,Auxerre,,,,,,,,,,
2026-05-16,21:00:00,Matchweek 34,Sat,Home,,,,Metz,,,,,,,,,,
2025-08-17,17:15:00,Matchweek 1,Sun,Away,L,0,1,Angers,0.9,1.0,68,12168,Timothée Kolodziejczak,4-4-2,3-4-3,François Letexier,/en/matches/c69996e3/Angers-Paris-FC-August-17-2025-Ligue-1,
2025-08-23,17:00:00,Matchweek 2,Sat,Away,L,2,5,Marseille,1.1,2.3,40,64074,Maxime Lopez,4-3-3,4-2-3-1,Marc Bollengier,/en/matches/7c56af85/Marseille-Paris-FC-August-23-2025-Ligue-1,
2025-08-31,17:15:00,Matchweek 3,Sun,Home,W,3,2,Metz,3.2,1.8,51,17345,Maxime Lopez,4-3-3,4-2-3-1,Gaël Angoula,/en/matches/adae2347/Paris-FC-Metz-August-31-2025-Ligue-1,
2025-09-14,17:15:00,Matchweek 4,Sun,Away,W,2,1,Brest,1.6,2.5,53,14594,Maxime Lopez,4-1-4-1,4-3-3,Bastien Dechepy,/en/matches/52e5e5bd/Brest-Paris-FC-September-14-2025-Ligue-1,
2025-09-21,15:00:00,Matchweek 5,Sun,Home,L,2,3,Strasbourg,1.6,2.0,61,17912,Maxime Lopez,4-1-4-1,4-4-2,François Letexier,/en/matches/08bc19be/Paris-FC-Strasbourg-September-21-2025-Ligue-1,
2025-09-28,15:00:00,Matchweek 6,Sun,Away,D,1,1,Nice,1.8,1.0,56,20049,Maxime Lopez,4-3-3,3-4-1-2,Abdelatif Kherradji,/en/matches/5be99991/Nice-Paris-FC-September-28-2025-Ligue-1,
2025-10-03,20:45:00,Matchweek 7,Fri,Home,W,2,0,Lorient,1.0,0.7,58,18084,Maxime Lopez,4-3-3,3-4-3,Benoît Millot,/en/matches/9c3f352c/Paris-FC-Lorient-October-3-2025-Ligue-1,
2025-10-19,15:00:00,Matchweek 8,Sun,Away,L,1,2,Lens,0.5,1.6,57,33773,Maxime Lopez,4-3-3,3-4-3,Gaël Angoula,/en/matches/3c82b9ba/Lens-Paris-FC-October-19-2025-Ligue-1,
2025-10-24,20:45:00,Matchweek 9,Fri,Home,L,1,2,Nantes,1.2,0.9,67,17522,Maxime Lopez,4-2-3-1,4-3-3,Ruddy Buquet,/en/matches/e38cdc1f/Paris-FC-Nantes-October-24-2025-Ligue-1,
2025-10-29,21:05:00,Matchweek 10,Wed,Home,D,3,3,Lyon,0.6,1.3,52,18445,Maxime Lopez,4-3-3,4-2-3-1,Jeremy Stinat,/en/matches/43400423/Paris-FC-Lyon-October-29-2025-Ligue-1,
2025-11-01,19:00:00,Matchweek 11,Sat,Away,W,1,0,Monaco,1.0,0.8,44,10727,Maxime Lopez,4-3-3,3-4-3,Eric Wattellier,/en/matches/a6e9b50e/Monaco-Paris-FC-November-1-2025-Ligue-1,
2025-11-07,20:45:00,Matchweek 12,Fri,Home,L,0,1,Rennes,1.9,1.1,52,16587,Maxime Lopez,5-4-1,3-5-2,Guillaume Paradis,/en/matches/3feea3e9/Paris-FC-Rennes-November-7-2025-Ligue-1,
2025-11-23,20:45:00,Matchweek 13,Sun,Away,L,2,4,Lille,1.5,3.9,48,39053,Ilan Kebbal,4-3-3,4-4-2,Benoît Millot,/en/matches/bda1b915/Lille-Paris-FC-November-23-2025-Ligue-1,
2025-11-29,19:00:00,Matchweek 14,Sat,Home,D,1,1,Auxerre,1.8,1.1,54,15007,Ilan Kebbal,4-4-1-1,4-3-3,François Letexier,/en/matches/f3bd6b47/Paris-FC-Auxerre-November-29-2025-Ligue-1,
2025-12-07,17:15:00,Matchweek 15,Sun,Away,D,0,0,Le Havre,1.2,1.8,55,17460,Maxime Lopez,4-5-1,4-3-3,Ruddy Buquet,/en/matches/80b3a9d2/Le-Havre-Paris-FC-December-7-2025-Ligue-1,
2025-12-13,21:05:00,Matchweek 16,Sat,Home,L,0,3,Toulouse,0.5,2.5,65,15822,Maxime Lopez,4-5-1,3-4-3,Bastien Dechepy,/en/matches/bd83c05e/Paris-FC-Toulouse-December-13-2025-Ligue-1,
2026-01-04,20:45:00,Matchweek 17,Sun,Away,L,1,2,Paris Saint-Germain,1.0,1.7,31,47000,Maxime Lopez,5-4-1,4-3-3,Benoît Bastien,/en/matches/9dc082a7/Paris-Saint-Germain-Paris-FC-January-4-2026-Ligue-1,
2026-01-18,17:15:00,Matchweek 18,Sun,Away,,,,Nantes,,,,,,,,,,
2026-01-25,17:15:00,Matchweek 19,Sun,Home,,,,Angers,,,,,,,,,,
2026-01-31,17:00:00,Matchweek 20,Sat,Home,,,,Marseille,,,,,,,,,,
2026-02-08,17:15:00,Matchweek 21,Sun,Away,,,,Auxerre,,,,,,,,,,
2026-02-15,,Matchweek 22,Sun,Home,,,,Lens,,,,,,,,,,
2026-02-22,,Matchweek 23,Sun,Away,,,,Toulouse,,,,,,,,,,
2026-03-01,,Matchweek 24,Sun,Home,,,,Nice,,,,,,,,,,
2026-03-08,,Matchweek 25,Sun,Away,,,,Lyon,,,,,,,,,,
2026-03-15,,Matchweek 26,Sun,Away,,,,Strasbourg,,,,,,,,,,
2026-03-22,,Matchweek 27,Sun,Home,,,,Le Havre,,,,,,,,,,
2026-04-05,,Matchweek 28,Sun,Away,,,,Lorient,,,,,,,,,,
2026-04-12,,Matchweek 29,Sun,Home,,,,Monaco,,,,,,,,,,
2026-04-19,,Matchweek 30,Sun,Away,,,,Metz,,,,,,,,,,
2026-04-26,,Matchweek 31,Sun,Home,,,,Lille,,,,,,,,,,
2026-05-03,,Matchweek 32,Sun,Home,,,,Brest,,,,,,,,,,
2026-05-09,21:00:00,Matchweek 33,Sat,Away,,,,Rennes,,,,,,,,,,
2026-05-16,21:00:00,Matchweek 34,Sat,Home,,,,Paris Saint-Germain,,,,,,,,,,
2025-08-17,20:45:00,Matchweek 1,Sun,Away,W,1,0,Nantes,1.4,0.1,70,34053,Vitinha,4-3-3,4-1-4-1,Benoît Bastien,/en/matches/8ed2fa41/Nantes-Paris-Saint-Germain-August-17-2025-Ligue-1,
2025-08-22,20:45:00,Matchweek 2,Fri,Home,W,1,0,Angers,1.8,0.2,83,47401,Marquinhos,4-3-3,3-5-2,Hakim Ben El Hadj Salem,/en/matches/d1b5836d/Paris-Saint-Germain-Angers-August-22-2025-Ligue-1,
2025-08-30,21:05:00,Matchweek 3,Sat,Away,W,6,3,Toulouse,2.6,2.2,75,31515,Achraf Hakimi,4-3-3,5-4-1,Eric Wattellier,/en/matches/3a38fbf2/Toulouse-Paris-Saint-Germain-August-30-2025-Ligue-1,
2025-09-14,17:15:00,Matchweek 4,Sun,Home,W,2,0,Lens,1.1,1.5,68,47642,Achraf Hakimi,4-3-3,3-4-3,Jérémie Pignard,/en/matches/e8f63a9b/Paris-Saint-Germain-Lens-September-14-2025-Ligue-1,
2025-09-22,20:00:00,Matchweek 5,Mon,Away,L,0,1,Marseille,0.7,1.1,68,66190,Marquinhos,3-5-2,3-4-3,Jérôme Brisard,/en/matches/e53e3ae2/Marseille-Paris-Saint-Germain-September-22-2025-Ligue-1,
2025-09-27,21:05:00,Matchweek 6,Sat,Home,W,2,0,Auxerre,1.7,0.7,66,47792,Vitinha,4-3-3,5-4-1,Thomas Léonard,/en/matches/1012a2a6/Paris-Saint-Germain-Auxerre-September-27-2025-Ligue-1,
2025-10-05,20:45:00,Matchweek 7,Sun,Away,D,1,1,Lille,1.5,0.5,62,47355,Warren Zaïre-Emery,4-3-3,4-3-3,Benoît Bastien,/en/matches/d476968b/Lille-Paris-Saint-Germain-October-5-2025-Ligue-1,
2025-10-17,20:45:00,Matchweek 8,Fri,Home,D,3,3,Strasbourg,2.7,2.3,71,47754,Warren Zaïre-Emery,4-3-3,3-4-3,Clément Turpin,/en/matches/99baddf3/Paris-Saint-Germain-Strasbourg-October-17-2025-Ligue-1,
2025-10-25,17:00:00,Matchweek 9,Sat,Away,W,3,0,Brest,2.0,1.6,75,14978,Achraf Hakimi,4-3-3,4-2-3-1,Jérémie Pignard,/en/matches/c95d53be/Brest-Paris-Saint-Germain-October-25-2025-Ligue-1,
2025-10-29,19:00:00,Matchweek 10,Wed,Away,D,1,1,Lorient,1.4,0.3,77,16706,Marquinhos,4-3-3,5-4-1,Willy Delajod,/en/matches/fae0cebf/Lorient-Paris-Saint-Germain-October-29-2025-Ligue-1,
2025-11-01,17:00:00,Matchweek 11,Sat,Home,W,1,0,Nice,2.2,0.4,76,47629,Achraf Hakimi,4-3-3,5-4-1,François Letexier,/en/matches/3f271d67/Paris-Saint-Germain-Nice-November-1-2025-Ligue-1,
2025-11-09,20:45:00,Matchweek 12,Sun,Away,W,3,2,Lyon,1.4,0.7,71,58257,Vitinha,4-3-3,4-2-3-1,Benoît Bastien,/en/matches/76c23d28/Lyon-Paris-Saint-Germain-November-9-2025-Ligue-1,
2025-11-22,21:05:00,Matchweek 13,Sat,Home,W,3,0,Le Havre,3.4,1.3,65,47694,Vitinha,4-3-3,4-1-3-2,Mathieu Vernice,/en/matches/a64360fe/Paris-Saint-Germain-Le-Havre-November-22-2025-Ligue-1,
2025-11-29,17:00:00,Matchweek 14,Sat,Away,L,0,1,Monaco,1.3,0.6,57,11546,Marquinhos,4-3-3,4-2-3-1,Clément Turpin,/en/matches/6ed4169c/Monaco-Paris-Saint-Germain-November-29-2025-Ligue-1,
2025-12-06,21:05:00,Matchweek 15,Sat,Home,W,5,0,Rennes,2.2,0.2,66,47823,Marquinhos,4-3-3,3-5-2,Marc Bollengier,/en/matches/13c41c30/Paris-Saint-Germain-Rennes-December-6-2025-Ligue-1,
2025-12-13,19:00:00,Matchweek 16,Sat,Away,W,3,2,Metz,1.8,0.6,59,28500,Vitinha,4-3-3,4-2-3-1,Romain Lissorgue,/en/matches/6fce1682/Metz-Paris-Saint-Germain-December-13-2025-Ligue-1,
2026-01-04,20:45:00,Matchweek 17,Sun,Home,W,2,1,Paris FC,1.7,1.0,69,47000,Vitinha,4-3-3,5-4-1,Benoît Bastien,/en/matches/9dc082a7/Paris-Saint-Germain-Paris-FC-January-4-2026-Ligue-1,
2026-01-16,21:00:00,Matchweek 18,Fri,Home,,,,Lille,,,,,,,,,,
2026-01-23,20:00:00,Matchweek 19,Fri,Away,,,,Auxerre,,,,,,,,,,
2026-02-01,20:45:00,Matchweek 20,Sun,Away,,,,Strasbourg,,,,,,,,,,
2026-02-08,20:45:00,Matchweek 21,Sun,Home,,,,Marseille,,,,,,,,,,
2026-02-15,,Matchweek 22,Sun,Away,,,,Rennes,,,,,,,,,,
2026-02-22,,Matchweek 23,Sun,Home,,,,Metz,,,,,,,,,,
2026-03-01,,Matchweek 24,Sun,Away,,,,Le Havre,,,,,,,,,,
2026-03-08,,Matchweek 25,Sun,Home,,,,Monaco,,,,,,,,,,
2026-03-15,,Matchweek 26,Sun,Home,,,,Nantes,,,,,,,,,,
2026-03-22,,Matchweek 27,Sun,Away,,,,Nice,,,,,,,,,,
2026-04-05,,Matchweek 28,Sun,Home,,,,Toulouse,,,,,,,,,,
2026-04-12,,Matchweek 29,Sun,Away,,,,Lens,,,,,,,,,,
2026-04-19,,Matchweek 30,Sun,Home,,,,Lyon,,,,,,,,,,
2026-04-26,,Matchweek 31,Sun,Away,,,,Angers,,,,,,,,,,
2026-05-03,,Matchweek 32,Sun,Home,,,,Lorient,,,,,,,,,,
2026-05-09,21:00:00,Matchweek 33,Sat,Home,,,,Brest,,,,,,,,,,
2026-05-16,21:00:00,Matchweek 34,Sat,Away,,,,Paris FC,,,,,,,,,,
2025-08-15,20:45:00,Matchweek 1,Fri,Home,W,1,0,Marseille,1.5,1.7,28,28360,Valentin Rongier,5-3-2,3-2-4-1,Jérémie Pignard,/en/matches/fbd5fc84/Rennes-Marseille-August-15-2025-Ligue-1,
2025-08-24,15:00:00,Matchweek 2,Sun,Away,L,0,4,Lorient,0.1,2.9,49,12343,Valentin Rongier,3-5-2,3-4-3,Jérôme Brisard,/en/matches/c085ae64/Lorient-Rennes-August-24-2025-Ligue-1,
2025-08-31,15:00:00,Matchweek 3,Sun,Away,D,1,1,Angers,1.5,1.2,63,11512,Valentin Rongier,3-5-2,4-2-3-1,Marc Bollengier,/en/matches/e7cbffb3/Angers-Rennes-August-31-2025-Ligue-1,
2025-09-14,20:45:00,Matchweek 4,Sun,Home,W,3,1,Lyon,2.1,1.7,48,27392,Valentin Rongier,3-5-2,4-2-3-1,Ruddy Buquet,/en/matches/e8a7d6a7/Rennes-Lyon-September-14-2025-Ligue-1,
2025-09-20,17:00:00,Matchweek 5,Sat,Away,D,2,2,Nantes,1.4,2.0,57,31337,Valentin Rongier,3-5-2,4-1-4-1,Mathieu Vernice,/en/matches/23cfe985/Nantes-Rennes-September-20-2025-Ligue-1,
2025-09-28,20:45:00,Matchweek 6,Sun,Home,D,0,0,Lens,1.2,1.0,66,26414,Seko Fofana,3-5-2,3-4-3,Bastien Dechepy,/en/matches/2516801b/Rennes-Lens-September-28-2025-Ligue-1,
2025-10-05,17:15:00,Matchweek 7,Sun,Away,D,2,2,Le Havre,1.0,1.7,57,17802,Valentin Rongier,3-5-2,4-3-3,Jérémie Pignard,/en/matches/7bb1158d/Le-Havre-Rennes-October-5-2025-Ligue-1,
2025-10-19,17:15:00,Matchweek 8,Sun,Home,D,2,2,Auxerre,2.0,1.5,52,27148,Valentin Rongier,3-5-2,5-4-1,Eric Wattellier,/en/matches/4bebc386/Rennes-Auxerre-October-19-2025-Ligue-1,
2025-10-26,17:15:00,Matchweek 9,Sun,Home,L,1,2,Nice,1.7,0.7,58,27658,Valentin Rongier,4-4-2,3-4-1-2,Marc Bollengier,/en/matches/b111d632/Rennes-Nice-October-26-2025-Ligue-1,
2025-10-29,21:05:00,Matchweek 10,Wed,Away,D,2,2,Toulouse,1.6,1.5,45,25484,Valentin Rongier,3-5-2,3-4-3,Clément Turpin,/en/matches/f1f10fa5/Toulouse-Rennes-October-29-2025-Ligue-1,
2025-11-02,15:00:00,Matchweek 11,Sun,Home,W,4,1,Strasbourg,2.3,1.6,42,27658,Valentin Rongier,3-5-2,3-4-3,Thomas Léonard,/en/matches/34522872/Rennes-Strasbourg-November-2-2025-Ligue-1,
2025-11-07,20:45:00,Matchweek 12,Fri,Away,W,1,0,Paris FC,1.1,1.9,48,16587,Valentin Rongier,3-5-2,5-4-1,Guillaume Paradis,/en/matches/3feea3e9/Paris-FC-Rennes-November-7-2025-Ligue-1,
2025-11-22,19:00:00,Matchweek 13,Sat,Home,W,4,1,Monaco,3.7,1.4,50,27681,Valentin Rongier,3-5-2,3-4-3,Hakim Ben El Hadj Salem,/en/matches/7d63a57f/Rennes-Monaco-November-22-2025-Ligue-1,
2025-11-28,20:45:00,Matchweek 14,Fri,Away,W,1,0,Metz,0.8,1.0,48,20291,Valentin Rongier,3-5-2,3-4-3,Jeremy Stinat,/en/matches/c25f4acf/Metz-Rennes-November-28-2025-Ligue-1,
2025-12-06,21:05:00,Matchweek 15,Sat,Away,L,0,5,Paris Saint-Germain,0.2,2.2,34,47823,Valentin Rongier,3-5-2,4-3-3,Marc Bollengier,/en/matches/13c41c30/Paris-Saint-Germain-Rennes-December-6-2025-Ligue-1,
2025-12-13,17:00:00,Matchweek 16,Sat,Home,W,3,1,Brest,2.2,0.8,60,27959,Valentin Rongier,3-5-2,4-2-3-1,Benoît Millot,/en/matches/3b0a6a02/Rennes-Brest-December-13-2025-Ligue-1,
2026-01-03,21:05:00,Matchweek 17,Sat,Away,W,2,0,Lille,1.5,0.8,61,41527,Valentin Rongier,3-5-2,4-2-3-1,Eric Wattellier,/en/matches/7141aa3c/Lille-Rennes-January-3-2026-Ligue-1,
2026-01-18,17:15:00,Matchweek 18,Sun,Home,,,,Le Havre,,,,,,,,,,
2026-01-24,17:00:00,Matchweek 19,Sat,Home,,,,Lorient,,,,,,,,,,
2026-01-31,21:05:00,Matchweek 20,Sat,Away,,,,Monaco,,,,,,,,,,
2026-02-07,17:00:00,Matchweek 21,Sat,Away,,,,Lens,,,,,,,,,,
2026-02-15,,Matchweek 22,Sun,Home,,,,Paris Saint-Germain,,,,,,,,,,
2026-02-22,,Matchweek 23,Sun,Away,,,,Auxerre,,,,,,,,,,
2026-03-01,,Matchweek 24,Sun,Home,,,,Toulouse,,,,,,,,,,
2026-03-08,,Matchweek 25,Sun,Away,,,,Nice,,,,,,,,,,
2026-03-15,,Matchweek 26,Sun,Home,,,,Lille,,,,,,,,,,
2026-03-22,,Matchweek 27,Sun,Home,,,,Metz,,,,,,,,,,
2026-04-05,,Matchweek 28,Sun,Away,,,,Brest,,,,,,,,,,
2026-04-12,,Matchweek 29,Sun,Home,,,,Angers,,,,,,,,,,
2026-04-19,,Matchweek 30,Sun,Away,,,,Strasbourg,,,,,,,,,,
2026-04-26,,Matchweek 31,Sun,Home,,,,Nantes,,,,,,,,,,
2026-05-03,,Matchweek 32,Sun,Away,,,,Lyon,,,,,,,,,,
2026-05-09,21:00:00,Matchweek 33,Sat,Home,,,,Paris FC,,,,,,,,,,
2026-05-16,21:00:00,Matchweek 34,Sat,Away,,,,Marseille,,,,,,,,,,
2025-08-17,17:15:00,Matchweek 1,Sun,Away,W,1,0,Metz,0.6,0.3,63,25009,Emanuel Emegha,5-3-2,5-3-2,Mathieu Vernice,/en/matches/df64d32a/Metz-Strasbourg-August-17-2025-Ligue-1,
2025-08-24,17:15:00,Matchweek 2,Sun,Home,W,1,0,Nantes,1.8,0.4,49,22468,Mamadou Sarr,3-4-3,4-1-4-1,Bastien Dechepy,/en/matches/f5b0aa33/Strasbourg-Nantes-August-24-2025-Ligue-1,
2025-08-31,17:15:00,Matchweek 3,Sun,Away,L,2,3,Monaco,1.6,1.9,57,8718,Mamadou Sarr,3-4-3,4-2-3-1,Benoît Bastien,/en/matches/9fadc7e1/Monaco-Strasbourg-August-31-2025-Ligue-1,
2025-09-14,17:15:00,Matchweek 4,Sun,Home,W,1,0,Le Havre,1.4,0.6,49,26000,Mamadou Sarr,3-1-4-2,4-1-4-1,Willy Delajod,/en/matches/78ee6527/Strasbourg-Le-Havre-September-14-2025-Ligue-1,
2025-09-21,15:00:00,Matchweek 5,Sun,Away,W,3,2,Paris FC,2.0,1.6,39,17912,Mamadou Sarr,4-4-2,4-1-4-1,François Letexier,/en/matches/08bc19be/Paris-FC-Strasbourg-September-21-2025-Ligue-1,
2025-09-26,20:45:00,Matchweek 6,Fri,Home,L,1,2,Marseille,1.4,2.0,40,23262,Emanuel Emegha,4-2-3-1,4-2-3-1,Jérémie Pignard,/en/matches/13d407ad/Strasbourg-Marseille-September-26-2025-Ligue-1,
2025-10-05,17:15:00,Matchweek 7,Sun,Home,W,5,0,Angers,4.6,0.3,65,22171,Ismaël Doukouré,3-4-3,4-3-3,Guillaume Paradis,/en/matches/e2b6bcc0/Strasbourg-Angers-October-5-2025-Ligue-1,
2025-10-17,20:45:00,Matchweek 8,Fri,Away,D,3,3,Paris Saint-Germain,2.3,2.7,29,47754,Ismaël Doukouré,3-4-3,4-3-3,Clément Turpin,/en/matches/99baddf3/Paris-Saint-Germain-Strasbourg-October-17-2025-Ligue-1,
2025-10-26,20:45:00,Matchweek 9,Sun,Away,L,1,2,Lyon,0.5,1.7,52,49058,Mamadou Sarr,3-5-2,4-3-3,Eric Wattellier,/en/matches/cd22fe80/Lyon-Strasbourg-October-26-2025-Ligue-1,
2025-10-29,21:05:00,Matchweek 10,Wed,Home,W,3,0,Auxerre,3.9,0.4,64,22667,Mamadou Sarr,3-4-3,3-4-3,Ruddy Buquet,/en/matches/92626eca/Strasbourg-Auxerre-October-29-2025-Ligue-1,
2025-11-02,15:00:00,Matchweek 11,Sun,Away,L,1,4,Rennes,1.6,2.3,58,27658,Guela Doué,3-4-3,3-5-2,Thomas Léonard,/en/matches/34522872/Rennes-Strasbourg-November-2-2025-Ligue-1,
2025-11-09,17:15:00,Matchweek 12,Sun,Home,W,2,0,Lille,0.9,0.3,42,29000,Emanuel Emegha,3-4-1-2,4-2-3-1,François Letexier,/en/matches/9ec5732e/Strasbourg-Lille-November-9-2025-Ligue-1,
2025-11-22,17:00:00,Matchweek 13,Sat,Away,L,0,1,Lens,0.6,1.9,45,38211,Emanuel Emegha,3-4-3,3-4-3,Jérôme Brisard,/en/matches/4d943a9e/Lens-Strasbourg-November-22-2025-Ligue-1,
2025-11-30,15:00:00,Matchweek 14,Sun,Home,L,1,2,Brest,0.8,1.1,57,30017,Mamadou Sarr,3-4-3,4-2-3-1,Bastien Dechepy,/en/matches/2c3a08e9/Strasbourg-Brest-November-30-2025-Ligue-1,
2025-12-06,19:00:00,Matchweek 15,Sat,Away,L,0,1,Toulouse,0.1,0.5,71,22031,Mamadou Sarr,3-4-3,3-4-3,Stéphanie Frappart,/en/matches/4955eaeb/Toulouse-Strasbourg-December-6-2025-Ligue-1,
2025-12-14,17:15:00,Matchweek 16,Sun,Home,D,0,0,Lorient,0.7,0.5,62,29951,Mamadou Sarr,3-4-3,3-4-3,Gaël Angoula,/en/matches/e8ace8e4/Strasbourg-Lorient-December-14-2025-Ligue-1,
2026-01-03,19:00:00,Matchweek 17,Sat,Away,D,1,1,Nice,1.4,2.6,55,18365,Ismaël Doukouré,4-2-3-1,4-1-4-1,Clément Turpin,/en/matches/e4d308b6/Nice-Strasbourg-January-3-2026-Ligue-1,
2026-01-18,15:00:00,Matchweek 18,Sun,Home,,,,Metz,,,,,,,,,,
2026-01-25,20:45:00,Matchweek 19,Sun,Away,,,,Lille,,,,,,,,,,
2026-02-01,20:45:00,Matchweek 20,Sun,Home,,,,Paris Saint-Germain,,,,,,,,,,
2026-02-08,17:15:00,Matchweek 21,Sun,Away,,,,Le Havre,,,,,,,,,,
2026-02-15,,Matchweek 22,Sun,Away,,,,Marseille,,,,,,,,,,
2026-02-22,,Matchweek 23,Sun,Home,,,,Lyon,,,,,,,,,,
2026-03-01,,Matchweek 24,Sun,Home,,,,Lens,,,,,,,,,,
2026-03-08,,Matchweek 25,Sun,Away,,,,Auxerre,,,,,,,,,,
2026-03-15,,Matchweek 26,Sun,Home,,,,Paris FC,,,,,,,,,,
2026-03-22,,Matchweek 27,Sun,Away,,,,Nantes,,,,,,,,,,
2026-04-05,,Matchweek 28,Sun,Home,,,,Nice,,,,,,,,,,
2026-04-12,,Matchweek 29,Sun,Away,,,,Brest,,,,,,,,,,
2026-04-19,,Matchweek 30,Sun,Home,,,,Rennes,,,,,,,,,,
2026-04-26,,Matchweek 31,Sun,Away,,,,Lorient,,,,,,,,,,
2026-05-03,,Matchweek 32,Sun,Home,,,,Toulouse,,,,,,,,,,
2026-05-09,21:00:00,Matchweek 33,Sat,Away,,,,Angers,,,,,,,,,,
2026-05-16,21:00:00,Matchweek 34,Sat,Home,,,,Monaco,,,,,,,,,,
2025-08-16,21:05:00,Matchweek 1,Sat,Away,W,1,0,Nice,0.6,0.8,43,23212,Djibril Sidibé,3-4-3,3-4-3,Thomas Léonard,/en/matches/086666a1/Nice-Toulouse-August-16-2025-Ligue-1,
2025-08-24,17:15:00,Matchweek 2,Sun,Home,W,2,0,Brest,1.3,0.9,48,23158,Djibril Sidibé,3-4-3,4-3-3,Benoît Millot,/en/matches/d9a23dcd/Toulouse-Brest-August-24-2025-Ligue-1,
2025-08-30,21:05:00,Matchweek 3,Sat,Home,L,3,6,Paris Saint-Germain,2.2,2.6,25,31515,Rasmus Nicolaisen,5-4-1,4-3-3,Eric Wattellier,/en/matches/3a38fbf2/Toulouse-Paris-Saint-Germain-August-30-2025-Ligue-1,
2025-09-14,15:00:00,Matchweek 4,Sun,Away,L,1,2,Lille,0.8,2.1,31,42576,Rasmus Nicolaisen,3-4-3,4-2-3-1,Jeremy Stinat,/en/matches/6c0057cb/Lille-Toulouse-September-14-2025-Ligue-1,
2025-09-21,17:15:00,Matchweek 5,Sun,Away,L,0,1,Auxerre,2.2,0.7,59,15262,Rasmus Nicolaisen,3-4-3,5-4-1,Marc Bollengier,/en/matches/a2ea8dfd/Auxerre-Toulouse-September-21-2025-Ligue-1,
2025-09-27,19:00:00,Matchweek 6,Sat,Home,D,2,2,Nantes,2.0,1.2,45,22822,Rasmus Nicolaisen,3-4-3,4-3-3,Benoît Millot,/en/matches/30f98e8d/Toulouse-Nantes-September-27-2025-Ligue-1,
2025-10-05,15:00:00,Matchweek 7,Sun,Away,W,2,1,Lyon,1.2,1.2,31,51414,Rasmus Nicolaisen,3-4-3,4-2-3-1,Thomas Léonard,/en/matches/60ecc64f/Lyon-Toulouse-October-5-2025-Ligue-1,
2025-10-19,17:15:00,Matchweek 8,Sun,Home,W,4,0,Metz,2.5,0.1,36,26078,Rasmus Nicolaisen,3-4-3,3-4-3,François Letexier,/en/matches/c8f84615/Toulouse-Metz-October-19-2025-Ligue-1,
2025-10-25,19:00:00,Matchweek 9,Sat,Away,L,0,1,Monaco,0.7,2.9,47,7086,Rasmus Nicolaisen,3-4-3,3-4-3,Guillaume Paradis,/en/matches/fe7036bb/Monaco-Toulouse-October-25-2025-Ligue-1,
2025-10-29,21:05:00,Matchweek 10,Wed,Home,D,2,2,Rennes,1.5,1.6,55,25484,Rasmus Nicolaisen,3-4-3,3-5-2,Clément Turpin,/en/matches/f1f10fa5/Toulouse-Rennes-October-29-2025-Ligue-1,
2025-11-02,17:15:00,Matchweek 11,Sun,Home,D,0,0,Le Havre,1.1,1.5,46,20643,Rasmus Nicolaisen,3-4-3,4-1-3-2,Jeremy Stinat,/en/matches/75cf1ad9/Toulouse-Le-Havre-November-2-2025-Ligue-1,
2025-11-09,15:00:00,Matchweek 12,Sun,Away,D,1,1,Lorient,1.3,1.3,51,15562,Rasmus Nicolaisen,3-4-3,3-4-3,Hakim Ben El Hadj Salem,/en/matches/3b9a668d/Lorient-Toulouse-November-9-2025-Ligue-1,
2025-11-23,17:15:00,Matchweek 13,Sun,Home,L,0,1,Angers,1.9,0.4,54,19009,Rasmus Nicolaisen,3-4-3,4-2-3-1,Marc Bollengier,/en/matches/4399d22e/Toulouse-Angers-November-23-2025-Ligue-1,
2025-11-29,21:05:00,Matchweek 14,Sat,Away,D,2,2,Marseille,0.7,1.8,24,65163,Rasmus Nicolaisen,3-4-3,4-2-3-1,Eric Wattellier,/en/matches/8fedda5c/Marseille-Toulouse-November-29-2025-Ligue-1,
2025-12-06,19:00:00,Matchweek 15,Sat,Home,W,1,0,Strasbourg,0.5,0.1,29,22031,Rasmus Nicolaisen,3-4-3,3-4-3,Stéphanie Frappart,/en/matches/4955eaeb/Toulouse-Strasbourg-December-6-2025-Ligue-1,
2025-12-13,21:05:00,Matchweek 16,Sat,Away,W,3,0,Paris FC,2.5,0.5,35,15822,Rasmus Nicolaisen,3-4-3,4-5-1,Bastien Dechepy,/en/matches/bd83c05e/Paris-FC-Toulouse-December-13-2025-Ligue-1,
2026-01-02,20:45:00,Matchweek 17,Fri,Home,L,0,3,Lens,0.7,1.6,33,30266,Rasmus Nicolaisen,3-4-3,3-4-3,Mathieu Vernice,/en/matches/26747200/Toulouse-Lens-January-2-2026-Ligue-1,
2026-01-17,19:00:00,Matchweek 18,Sat,Home,,,,Nice,,,,,,,,,,
2026-01-25,17:15:00,Matchweek 19,Sun,Away,,,,Brest,,,,,,,,,,
2026-02-01,17:15:00,Matchweek 20,Sun,Home,,,,Auxerre,,,,,,,,,,
2026-02-08,17:15:00,Matchweek 21,Sun,Away,,,,Angers,,,,,,,,,,
2026-02-15,,Matchweek 22,Sun,Away,,,,Le Havre,,,,,,,,,,
2026-02-22,,Matchweek 23,Sun,Home,,,,Paris FC,,,,,,,,,,
2026-03-01,,Matchweek 24,Sun,Away,,,,Rennes,,,,,,,,,,
2026-03-08,,Matchweek 25,Sun,Home,,,,Marseille,,,,,,,,,,
2026-03-15,,Matchweek 26,Sun,Away,,,,Metz,,,,,,,,,,
2026-03-22,,Matchweek 27,Sun,Home,,,,Lorient,,,,,,,,,,
2026-04-05,,Matchweek 28,Sun,Away,,,,Paris Saint-Germain,,,,,,,,,,
2026-04-12,,Matchweek 29,Sun,Home,,,,Lille,,,,,,,,,,
2026-04-19,,Matchweek 30,Sun,Away,,,,Lens,,,,,,,,,,
2026-04-26,,Matchweek 31,Sun,Home,,,,Monaco,,,,,,,,,,
2026-05-03,,Matchweek 32,Sun,Away,,,,Strasbourg,,,,,,,,,,
2026-05-09,21:00:00,Matchweek 33,Sat,Home,,,,Lyon,,,,,,,,,,
2026-05-16,21:00:00,Matchweek 34,Sat,Away,,,,Nantes,,,,,,,,,,
